,Company,Net Income Incl Extra Before Distributions,Percentage of Green Products,Date,ESG Period Last Update Date,ESG Score,ESG Controversies Score,Environmental Controversies Count,Human Rights Controversies,Business Ethics Controversies,Wages Working Condition Controversies Count,Controversies Customer Health & Safety,Waste Recycling Ratio,Waste Total,Total Renewable Energy To Energy Use in million,Total Renewable Energy,Environmental Expenditures,"CO2 Equivalent Emissions Indirect, Scope 3 To Revenues USD in million Score",Estimated CO2 Equivalents Emission Total,Water Use To Revenues USD in million,Environmental Pillar Score,Emissions Score,Environmental Innovation Score,Resource Use Score,Total CO2 Equivalent Emissions To Revenues USD in million,Energy Use Total,Board Meeting Attendance Average,"Board Gender Diversity, Percent",CSR Strategy Score,Management Score,Shareholders Score,ESG Reporting Scope,Board Size,Total Donations To Revenues in million,Product Responsibility Score,Workforce Score,Human Rights Score,Community Score,Women Managers,Gender Pay Gap Percentage,Women Employees,Employees With Disabilities,Policy Diversity and Opportunity Score,Training Hours Total,Average Training Hours
0,POOL.OQ,110692000.0,,2014-12-31,,,,,,,,,,,,,,,,,,,,,,,,,,,,,,,,,,,,,,,,,
1,POOL.OQ,128275000.0,,2015-12-31,2024-01-19T00:00:00Z,45.8389943389943,100.0,,,,,,,,,,,,37000.2,,2.02297702297702,3.57142857142857,0.0,3.84615384615385,,,75.0,0.0,0.0,86.8566176470588,92.2487745098039,,10.0,,22.5,60.4166666666667,10.7142857142857,64.5833333333333,,,,,68.1818181818182,,
2,POOL.OQ,148955000.0,,2016-12-31,2024-01-19T00:00:00Z,46.6172324054137,100.0,,,,,,,,,,,,44549.1,,11.3368983957219,38.2352941176471,0.0,3.33333333333333,,,75.0,0.0,0.0,84.5776450511945,91.4889078498293,,8.0,,23.0769230769231,56.8965517241379,10.0,67.2413793103448,,,,,66.0,,
3,POOL.OQ,191633000.0,,2017-12-31,2024-01-19T00:00:00Z,40.845245032745,100.0,,,,,,,,,,,,41683.5,,14.5454545454545,50.0,0.0,3.33333333333333,,,75.0,0.0,0.0,57.5377747252747,82.6407967032967,,7.0,,24.0740740740741,67.1875,7.14285714285714,70.3125,,,,,62.5,,
4,POOL.OQ,234461000.0,,2018-12-31,2024-01-19T00:00:00Z,42.1182967118795,100.0,,,,,,,,,,,,24523.8,,11.1570247933884,34.0909090909091,0.0,6.81818181818182,,,75.0,12.5,0.0,75.0166666666667,80.0833333333333,,8.0,,22.0588235294118,41.8918918918919,6.81818181818182,68.9189189189189,,,,,56.7567567567568,,
5,POOL.OQ,261575000.0,,2019-12-31,2024-01-19T00:00:00Z,45.776613719379,100.0,,,,,,,,,,,,36745.3,,11.9354838709677,37.0967741935484,0.0,6.66666666666667,,,75.0,11.1111111111111,0.0,99.6017840076457,86.7633004141446,,9.0,,14.8648648648649,44.8717948717949,5.17241379310345,57.6923076923077,,,,,56.4102564102564,,
6,POOL.OQ,366738000.0,,2020-12-31,2024-01-19T00:00:00Z,45.1190533548034,100.0,,,,,,,,,,,,36790.4,,10.4473718533977,35.3658536585366,0.0,2.94117647058824,,,75.0,11.1111111111111,0.0,98.5036275695284,88.7998790810157,,9.0,,16.6666666666667,31.5217391304348,4.16666666666667,59.7826086956522,,,,,51.0869565217391,,
7,POOL.OQ,650624000.0,,2021-12-31,2024-01-19T00:00:00Z,48.7463478459598,100.0,,,,,,,,,,,,32767.3,,14.2045454545455,43.3333333333333,0.0,8.75,,,75.0,22.2222222222222,0.0,99.0031782721757,89.2083212944236,,9.0,,15.3061224489796,39.0,36.25,57.0,,,,,51.0,,
8,POOL.OQ,748462000.0,,,,,,,,,,,,,,,,,,,,,,,,,,,,,,,,,,,,,,,,,,,
9,POOL.OQ,523229000.0,,,,,,,,,,,,,,,,,,,,,,,,,,,,,,,,,,,,,,,,,,,
10,CHRW.OQ,449711000.0,,2014-12-31,2022-08-10T00:00:00Z,20.8127232167811,100.0,,,,,,,,,,,,4156020.0,,2.02819902864506,3.38983050847458,0.0,2.63157894736842,,,75.0,30.0,0.0,12.4360286591607,29.0174002047083,,10.0,,68.6274509803922,23.015873015873,0.0,84.1269841269841,,,,,67.1875,,
11,CHRW.OQ,509699000.0,,2015-12-31,2022-08-11T00:00:00Z,29.4783587928558,100.0,,,,,,,,,,,,4258430.0,,8.84831793413883,20.7142857142857,0.0,4.47761194029851,,,75.0,33.3333333333333,0.0,15.594362745098,26.4399509803922,,9.0,158.764296809073,74.6268656716418,61.5853658536585,0.0,90.8536585365854,34.28,,43.28,1.19,64.1975308641975,,
12,CHRW.OQ,513384000.0,,2016-12-31,2024-07-26T00:00:00Z,33.6562575959018,100.0,,,,,,,,,,,,3640000.0,,11.2617975117975,26.3513513513513,0.0,5.71428571428571,,,75.0,25.0,0.0,37.990614334471,20.5844709897611,,8.0,157.384893947232,75.3164556962025,56.3157894736842,0.0,91.0526315789474,34.39,,43.6,1.33,64.2857142857143,,
13,CHRW.OQ,504893000.0,,2017-12-31,2024-01-19T00:00:00Z,39.9091213312607,100.0,,,,,,,,,,,,392172.0,,21.538186050676,35.8823529411765,0.0,28.0821917808219,,309564.0,75.0,22.2222222222222,0.0,35.3880494505495,28.6229395604396,,9.0,123.490959273352,77.8409090909091,75.7142857142857,0.0,92.8571428571429,35.06,,44.83,1.47,62.8571428571429,123719.8,8.3
14,CHRW.OQ,664505000.0,,2018-12-31,2024-09-12T00:00:00Z,41.767749139807,100.0,,,,,,,,,,,,32240.0,,24.7600590623847,46.4285714285714,0.0,26.1627906976744,1.93852518158642,302184.0,75.0,33.3333333333333,0.0,55.8833333333333,27.6166666666667,,9.0,125.950081774015,73.5294117647059,67.948717948718,0.0,73.9316239316239,37.14,,44.84,1.66,60.6837606837607,137014.38,9.06
15,CHRW.OQ,576968000.0,,2019-12-31,2024-09-12T00:00:00Z,46.1587132555344,100.0,,,,,,,,149564.902102973,44550.0,,,32243.0,,35.6597222222222,53.75,0.0,53.1818181818182,2.10607682493781,297864.0,75.0,30.0,60.2014010507881,37.9579483912074,33.6572156737815,100.0,10.0,169.402439320715,74.5901639344262,79.3233082706767,0.0,73.3082706766917,39.0,,46.0,2.0,59.3984962406015,153270.0,10.0
16,CHRW.OQ,506421000.0,,2020-12-31,2024-09-12T00:00:00Z,43.7196041262598,100.0,,,,,,,,133121.772805508,44550.0,,,33630.0,,37.8059271332934,60.0719424460432,0.0,52.734375,2.07501573692429,334656.0,75.0,30.0,60.4612299465241,36.6535671100363,43.6064087061669,100.0,10.0,210.059525741363,23.448275862069,74.6710526315789,14.2857142857143,72.0394736842105,38.0,,47.0,1.0,57.5657894736842,148880.0,10.0
17,CHRW.OQ,844245000.0,,2021-12-31,2024-10-25T00:00:00Z,43.902108660427,100.0,,,,,,,,155364.142768723,54219.6,,3.33333333333333,32271.0,,35.9217811561562,60.3125,0.0,46.2837837837838,1.39688599737686,348984.0,75.0,30.0,62.8096995255667,40.2629297890783,47.804102860445,100.0,10.0,109.34092571671,23.8993710691824,73.5119047619048,15.1260504201681,70.5357142857143,41.0,,48.0,2.0,55.3571428571429,270032.0,16.0
18,CHRW.OQ,940524000.0,,2022-12-31,2024-09-10T00:00:00Z,39.7324970123432,100.0,,,,,,,,206923.260247855,62514.0,,3.88888888888889,27722.0,,31.3804423259552,58.6111111111111,0.0,33.4319526627219,1.12250269267834,302112.0,75.0,25.0,62.6820103334899,22.8583426651736,46.7945128779395,100.0,12.0,163.542592907526,23.4104046242775,74.8648648648649,22.1014492753623,71.6216216216216,46.0,,48.0,2.38,53.5135135135135,504600.0,29.0
19,CHRW.OQ,325129000.0,,2023-12-31,2024-09-06T00:00:00Z,41.2780265281018,100.0,,,,,,,,166761.723700887,56840.4,,5.61224489795918,32040.0,,41.3056016980436,54.1208791208791,0.0,71.2209302325581,1.82082698733832,340848.0,75.0,25.0,68.8744789254284,8.61223312175418,28.0871321407963,100.0,12.0,227.964072196586,21.264367816092,87.8378378378378,29.3918918918919,68.3783783783784,47.0,,48.0,3.0,52.972972972973,198198.0,13.0
20,AJG.N,303400000.0,,2013-12-31,2024-05-31T00:00:00Z,50.0275571918529,100.0,,,,,,,,,,,,16582.4,,21.870730568894,11.1650485436893,0.0,2.55102040816327,,,75.0,22.2222222222222,49.7292418772563,74.4626407369499,26.560900716479,100.0,9.0,,32.3529411764706,57.3825503355705,20.9302325581395,86.1486486486486,,,,,60.8552631578947,,
21,AJG.N,356800000.0,,2014-12-31,2024-05-31T00:00:00Z,51.5034418390335,100.0,,,,,,,,,,,,22926.6,,48.3846903583746,10.6481481481481,33.0357142857143,5.28846153846154,,,75.0,22.2222222222222,21.6636197440585,84.8004094165814,25.0255885363357,,9.0,,35.0393700787402,47.0394736842105,10.0,84.2105263157895,,,,,59.0909090909091,,
22,AJG.N,396800000.0,,2015-12-31,2024-05-31T00:00:00Z,51.9520280478531,100.0,,,,,,,,,,,,24868.8,,47.9671033999612,11.3636363636364,23.2758620689655,6.54205607476636,,,75.0,22.2222222222222,48.6970684039088,86.3664215686274,20.0061274509804,100.0,9.0,,37.7483443708609,48.2456140350877,7.0,80.4093567251462,,,,,57.8488372093023,,
23,AJG.N,481300000.0,,2016-12-31,2024-05-31T00:00:00Z,52.5337180949676,100.0,,,,,,,,,,,,27194.4,,50.5885975079687,21.3235294117647,22.3076923076923,6.25,,,75.0,20.0,20.8774583963691,87.3506825938567,34.108361774744,,10.0,,38.031914893617,48.0295566502463,8.46153846153846,83.2512315270936,,,,,58.578431372549,,
24,AJG.N,633500000.0,,2017-12-31,2024-05-31T00:00:00Z,57.9303695511573,100.0,,,,,,,,,,,,25487.7,,48.7098054551928,21.0526315789474,25.625,6.2992125984252,,,75.0,20.0,49.1780821917808,88.5130494505495,46.7891483516484,100.0,10.0,,37.0558375634518,44.3661971830986,49.438202247191,80.7511737089202,,,,,58.9201877934272,,
25,AJG.N,668800000.0,,2018-12-31,2024-05-31T00:00:00Z,53.3093522231765,100.0,,,,,,,,,,,,27048.8,,49.1102642719414,18.2098765432099,35.0,6.83453237410072,,,75.0,20.0,62.6891734575087,71.0166666666667,62.5166666666667,100.0,10.0,,36.7149758454106,38.4792626728111,30.0,79.4930875576037,,,,,57.8341013824885,,
26,AJG.N,818800000.0,,2019-12-31,2024-05-31T00:00:00Z,56.2504255386444,100.0,,,,,,,,,,,13.0630630630631,40354.0,,49.3664610071086,27.8645833333333,33.9622641509434,6.1046511627907,5.608617095205,,75.0,22.2222222222222,64.3169877408056,79.8821280662631,52.4211532335139,100.0,9.0,,35.7142857142857,49.5850622406639,24.6212121212121,79.8755186721992,47.0,,60.0,,57.2614107883817,,
27,AJG.N,906800000.0,,2020-12-31,2024-05-31T00:00:00Z,52.79393582684,93.9024390243902,,,,,,,,,,,22.6495726495726,33398.0,,48.6913674560733,29.2857142857143,32.9059829059829,5.3475935828877,4.76869038780056,,75.0,22.2222222222222,64.2045454545455,75.5894800483676,35.444377267231,100.0,9.0,,34.1666666666667,44.1176470588235,29.7385620915033,77.4509803921569,47.3,,59.8,,56.4705882352941,,
28,AJG.N,1114200000.0,,2021-12-31,2024-07-05T00:00:00Z,52.4075250284903,64.1025641025641,,,,1.0,,,,,,,33.1967213114754,35345.0,,50.7188697821481,38.2231404958678,38.6524822695035,4.24107142857143,4.30543036031866,,75.0,30.0,15.4717975751186,79.933545218145,42.6610806125397,,10.0,,32.9044117647059,46.4041095890411,27.7777777777778,75.6849315068493,47.0,,58.0,,55.3082191780822,,
29,AJG.N,969500000.0,,,,,,,,,,,,,,,,,,,,,,,,,,,,,,,,,,,,,,,,,,,
30,CNP.N,611000000.0,,2013-12-31,2022-08-17T00:00:00Z,38.1418413582801,45.0,,,,,,,,,,,,8221820.0,,12.1977437207322,18.3333333333333,0.0,17.2413793103448,,,75.0,25.0,61.1913357400722,97.1852610030706,71.2896622313204,100.0,8.0,,77.5862068965517,29.6875,0.0,56.25,,,,,56.4516129032258,,
31,CNP.N,-692000000.0,,2014-12-31,2023-01-19T00:00:00Z,34.377295841604,100.0,,,,,,,,,,,,22131600.0,,12.8534448426921,16.6666666666667,0.0,20.9677419354839,2398.82982874485,,75.0,22.2222222222222,49.5429616087751,98.5158648925281,69.3449334698055,100.0,9.0,,37.9310344827586,16.1764705882353,0.0,57.3529411764706,,,,,58.8235294117647,,
32,CNP.N,432000000.0,,2015-12-31,2023-01-19T00:00:00Z,33.9140316876053,100.0,,,,,,,,,,,,20076400.0,,11.2720340661517,19.1176470588235,0.0,13.6363636363636,2718.16314649337,,75.0,22.2222222222222,49.5928338762215,98.8664215686274,71.2928921568627,100.0,9.0,,54.5454545454545,10.0,0.0,52.8571428571429,,,,,57.1428571428571,,
33,CNP.N,1792000000.0,,2016-12-31,2024-01-19T00:00:00Z,35.2688712949777,94.4444444444444,1.0,,,,,,,,,,,18876900.0,,11.8783068783069,24.2857142857143,0.0,10.0,2507.55791710946,,75.0,20.0,48.7897125567322,98.8267918088737,66.5315699658703,100.0,10.0,531.34962805526,51.4285714285714,14.8648648648649,0.0,66.2162162162162,,,,,56.7567567567568,,
34,CNP.N,368000000.0,,2017-12-31,2024-01-19T00:00:00Z,43.0217065983642,100.0,,,,,,,,,,,,18514700.0,,21.2399053188527,22.3684210526316,27.1428571428571,14.4736842105263,1925.80112336176,,75.0,20.0,79.3835616438356,99.0212912087912,66.0542582417582,100.0,10.0,676.097358019555,48.5294117647059,34.6153846153846,10.8695652173913,65.3846153846154,,,24.706,,57.6923076923077,133101.0,16.65
35,CNP.N,791000000.0,,2018-12-31,2024-09-12T00:00:00Z,41.9773640015844,100.0,,,,,,,,,40366.0,,10.0,6644700.0,34173.6225059742,26.5066601689409,35.5263157894737,29.1666666666667,14.4736842105263,1058.5783017365,,75.0,20.0,90.7450523864959,98.4833333333333,68.65,100.0,10.0,,45.5882352941176,21.7948717948718,1.66666666666667,48.7179487179487,,,24.47,,55.1282051282051,163903.0,20.547
36,CNP.N,-773000000.0,,2019-12-31,2024-09-12T00:00:00Z,42.0014346116726,100.0,,,,,,,,,65509.2,,11.6666666666667,6684050.0,31260.6604508197,24.654808317089,30.2631578947368,29.1666666666667,14.4736842105263,883.666578529878,,75.0,20.0,91.0245183887916,90.1083147499204,61.6279069767442,100.0,10.0,1716.88008989952,45.8333333333333,26.9230769230769,1.61290322580645,73.0769230769231,9.9,,25.0,,52.5641025641026,119383.5,12.661
37,CNP.N,1486000000.0,100.0,2020-12-31,2024-09-12T00:00:00Z,31.5088174842565,100.0,,,,,,,,,62017.2,,16.6666666666667,5295840.0,26440.7163305473,19.8223918362807,26.25,23.6111111111111,9.45945945945946,713.917902399569,,75.0,18.1818181818182,91.3435828877005,59.4770253929867,69.8760580411125,100.0,11.0,,39.4736842105263,13.75,3.125,42.5,,,24.0,,52.5,193120.0,20.241
38,CNP.N,1057000000.0,100.0,2021-12-31,2024-09-11T00:00:00Z,38.4909200918035,100.0,,,,,,7.626,115173.0,,408715.2,,21.4285714285714,7095710.0,40630.1579801245,21.4759402259402,32.1428571428571,25.6756756756757,6.25,849.582614942529,,75.0,33.3333333333333,91.222983658408,91.8376191852066,70.2542617740537,100.0,9.0,64.8414750957854,48.75,15.4761904761905,4.16666666666667,46.4285714285714,,,23.0,,52.3809523809524,157543.0,16.728
39,CNP.N,917000000.0,,,,,,,,,,,,,,,,,,,,,,,,,,,,,,,,,,,,,,,,,,,
40,AMCR.N,680300000.0,,2014-06-30,2024-10-31T00:00:00Z,68.4577666519798,100.0,,,,,,80.0,321065.0,,,,15.0,1620630.0,413.815546536204,67.8456717587152,71.6216216216216,36.6666666666667,83.3333333333333,149.222867806714,,95.65,33.3333333333333,80.4140127388535,84.4615384615385,10.0,100.0,6.0,16.4449653469818,79.7297297297297,70.5128205128205,50.0,93.5897435897436,26.0,,20.0,,61.9047619047619,,
41,AMCR.N,244100000.0,,2015-06-30,2024-10-31T00:00:00Z,71.3149726460323,100.0,,,,,,82.0,283188.0,,,,15.0,1588770.0,485.99013712312,69.3600981767181,75.0,37.0967741935484,83.75,165.293701491916,,98.75,25.0,81.7548746518106,64.4472361809045,52.3869346733668,100.0,8.0,50.0827108345991,88.1578947368421,78.75,61.6666666666667,96.25,26.0,,21.0,,57.9545454545455,,
42,AMCR.N,564000000.0,,2016-06-30,2024-10-31T00:00:00Z,74.8951698690518,100.0,,,,,,80.0,287334.0,,,,15.0,1672570.0,516.53911880526,70.3286998327759,73.0769230769231,35.9375,88.75,177.530701707832,13975700.0,100.0,28.5714285714286,86.6120218579235,83.2070707070707,77.1464646464647,100.0,7.0,123.125258722257,88.75,71.9512195121951,58.5714285714286,96.3414634146341,29.0,,19.0,,57.7777777777778,,
43,AMCR.N,575200000.0,,2017-06-30,2024-10-31T00:00:00Z,65.039514457212,100.0,,,,,,77.0,358040.0,,,,25.0,1629650.0,555.326887155258,68.110378164726,76.1363636363637,35.1351351351351,80.6818181818182,179.062740358202,14640000.0,100.0,25.0,78.9473684210526,54.0,74.0,100.0,8.0,120.8658389188,76.1363636363637,54.2553191489362,48.6842105263158,96.8085106382979,28.0,,20.0,,55.3191489361702,,
44,AMCR.N,430200000.0,,2018-06-30,2024-10-31T00:00:00Z,72.9166871965358,100.0,,,,,,76.0,297198.0,11.1386363804607,161.0,36600000.0,8.33333333333334,1587049.0,503.757873614405,71.6959537438164,76.530612244898,35.5555555555556,89.2156862745098,170.300672811752,14454193.0,96.97,25.0,83.3333333333333,82.0,94.0,100.0,8.0,,80.2083333333333,38.6792452830189,63.3333333333333,95.2830188679245,29.0,,20.0,,54.7169811320755,,
45,AMCR.N,612200000.0,,2019-06-30,2024-10-31T00:00:00Z,64.7318912042006,100.0,,,,,,77.6,298656.0,290.939099255642,4139.0,,24.1935483870968,1536583.0,476.496162060434,67.0751633986928,69.4444444444444,35.2941176470588,84.2592592592593,162.460404728172,14226345.0,75.0,18.1818181818182,84.0909090909091,55.3571428571429,94.6428571428571,100.0,11.0,,68.75,37.0689655172414,61.3207547169811,81.8965517241379,,,,,54.3103448275862,,
46,AMCR.N,939000000.0,,2020-06-30,2024-10-31T00:00:00Z,71.1543143382268,100.0,,,,,,75.0,403891.0,237.075880339244,4695.0,,35.1851851851852,2049331.0,540.61199117706,69.3810605794762,67.4603174603175,37.5,90.6779661016949,164.37385201524,19803786.0,75.0,20.0,82.0,61.6666666666667,98.3333333333333,100.0,10.0,,73.3870967741936,56.8181818181818,69.8275862068966,94.6969696969697,32.0,,20.0,,56.0606060606061,845670.1,18.7
47,AMCR.N,805000000.0,,2021-06-30,2024-10-31T00:00:00Z,72.417804555272,100.0,,,,,,76.0,412277.0,5385.24843409654,106342.0,,43.9393939393939,1961270.0,523.916491719151,72.8575492005458,76.3513513513514,39.8550724637681,89.7260273972603,152.497783998134,19746907.0,75.0,27.2727272727273,80.3571428571429,67.1875,95.3125,100.0,11.0,,67.3333333333333,53.2051282051282,71.0144927536232,93.5897435897436,28.0,,21.0,,53.8461538461538,815822.0,19.0
48,AMCR.N,1048000000.0,,2022-06-30,2024-10-31T00:00:00Z,69.9429771083667,100.0,,,,,,76.0,412168.0,15730.1545689803,314538.0,,39.1891891891892,1883380.0,480.840759075908,70.9427025723929,73.2142857142857,41.0958904109589,87.037037037037,129.495393289329,19995862.0,75.0,27.2727272727273,79.3103448275862,60.9375,95.3125,100.0,11.0,,72.289156626506,37.7906976744186,72.4358974358974,94.1860465116279,28.0,,22.0,,52.9069767441861,,
49,AMCR.N,730000000.0,,,,,,,,,,,,,,,,,,,,,,,,,,,,,,,,,,,,,,,,,,,
50,WM.N,1298000000.0,,2013-12-31,2022-08-17T00:00:00Z,68.9056009182835,94.1176470588235,,,,,,,,,,4644100000.0,,20132030.0,,86.90619405657,87.2448979591837,87.7551020408163,85.7894736842105,1439.75041121362,,75.0,12.5,69.7653429602888,32.906857727738,56.2947799385875,100.0,8.0,1000.13459200458,98.1481481481482,64.453125,64.7540983606557,98.015873015873,18.0,,17.0,,58.6065573770492,,
51,WM.N,753000000.0,,2014-12-31,2023-05-12T00:00:00Z,79.1027721003989,100.0,,,,,,,,,,4521000000.0,,19462550.0,,87.9637111254758,87.9807692307692,88.0,87.7450980392157,1390.57945127179,,75.0,12.5,57.8610603290676,75.9979529170932,94.4216990788127,100.0,8.0,964.561303229494,99.1379310344828,59.0579710144928,57.6388888888889,95.2554744525548,18.0,,17.0,,57.6923076923077,,
52,WM.N,1182000000.0,,2015-12-31,2022-08-10T00:00:00Z,85.5640917271992,100.0,,,,,,,,,,4050000000.0,3.06122448979592,16392940.0,,90.1271551329266,93.3628318584071,89.8148148148148,87.3913043478261,1264.78975387702,,75.0,20.0,84.8534201954397,96.7830882352941,89.5526960784314,100.0,10.0,922.768304914744,99.6644295302013,72.2222222222222,51.2048192771084,94.4444444444444,18.0,,17.0,,57.9881656804734,,
53,WM.N,1949000000.0,,2016-12-31,2024-01-19T00:00:00Z,82.4392780330875,100.0,,,,,,,,,,4165000000.0,,15882000.0,,90.8473813965885,92.578125,89.0625,90.6716417910448,1167.02182379308,,75.0,18.1818181818182,56.0514372163389,92.5554607508532,94.688566552901,100.0,11.0,1004.48232787126,99.7206703910614,74.4949494949495,38.2978723404255,95.2020202020202,,,,,56.3775510204082,,
54,WM.N,1925000000.0,,2017-12-31,2024-10-25T00:00:00Z,90.7733546540487,100.0,,,,,,27.119,3964.0,3652.57099301143,200250.0,4399000000.0,2.72727272727272,15934821.0,163.986522264411,92.9734013312294,98.1884057971015,85.7142857142857,93.7037037037037,1100.09119779082,54824396.4,75.0,22.2222222222222,83.8356164383562,92.6682692307692,91.6723901098901,100.0,9.0,1184.67380048326,98.1182795698925,89.0697674418605,76.9607843137255,97.4418604651163,19.0,,17.14,,58.6046511627907,1226700.0,29.0
55,WM.N,1670000000.0,,2018-12-31,2024-10-25T00:00:00Z,88.1830028212458,100.0,,,,,,26.488,4032.0,70670.1044635905,2056831.2,,5.38461538461539,16518235.0,200.281614590318,92.2306874557052,98.5294117647059,84.9397590361446,92.1875,1107.56571007107,29104686.0,75.0,25.0,83.4109429569267,84.85,91.25,100.0,8.0,999.061284698941,97.0588235294118,74.7950819672131,84.0425531914894,96.9262295081967,19.0,,17.0,,56.7622950819672,,
56,WM.N,1496000000.0,,2019-12-31,2024-10-25T00:00:00Z,87.8906153615451,100.0,,,,,,26.55872,4138.0,397285.956826142,17212964.4,,12.2549019607843,15862973.0,230.993206082174,70.2070218007627,98.868778280543,0.0,97.7832512315271,1026.39747654481,43326385.2,75.0,22.2222222222222,83.8879159369527,97.7222045237337,90.8888180949347,100.0,9.0,1061.14526043352,97.1590909090909,97.7031802120141,80.7909604519774,98.0565371024735,20.0,100.0,18.0,,55.4770318021201,492770.0,30.0
57,WM.N,1816000000.0,,2020-12-31,2024-10-25T00:00:00Z,87.0893764845855,100.0,,,,,,25.19509,3588.0,221960.482438947,7176960.0,2500000000.0,14.1025641025641,16319371.0,187.935339729268,67.1744375119863,90.8239700374532,0.0,96.8619246861925,1072.37291365488,32334404.4,75.0,25.0,84.75935828877,97.2339782345828,92.2611850060459,100.0,8.0,1011.95952161914,96.8646864686469,98.6068111455108,80.045871559633,97.3684210526316,21.0,97.0,18.4,20.0,54.953560371517,332578.0,30.0
58,WM.N,2238000000.0,,2021-12-31,2024-10-25T00:00:00Z,85.8246044477223,100.0,,,,,,26.516,4469.0,198321.028405146,7028776.8,,16.3333333333333,17232500.0,205.788857286264,68.1186789373273,95.0479233226837,0.0,95.6445993031359,961.045730857175,35441409.6,75.0,33.3333333333333,85.2134949920928,93.8312626408552,92.039872869113,100.0,9.0,797.501533656796,97.1976401179941,96.5181058495822,77.3764258555133,95.6824512534819,21.7,97.0,19.4,20.0,54.4568245125348,438631.0,30.0
59,WM.N,2304000000.0,,,,,,,,,,,,,,,,,,,,,,,,,,,,,,,,,,,,,,,,,,,
60,BA.N,5446000000.0,,2013-12-31,2024-05-10T00:00:00Z,58.8341669720055,15.0,,,1.0,,4.0,,29423.891,,,120000000.0,,1803380.0,78.2226879697078,86.7606081094925,90.2777777777778,81.0344827586207,89.7058823529412,20.8187202013322,14570322.0,97.0,18.1818181818182,59.2057761732852,30.5527123848516,87.1545547594678,100.0,11.0,1542.315551297,46.1538461538462,74.390243902439,16.6666666666667,88.75,,,,,56.5217391304348,,
61,BA.N,5176000000.0,,2014-12-31,2024-05-10T00:00:00Z,73.8692079806204,14.7058823529412,,,1.0,2.0,1.0,,28973.615,,,89000000.0,,1851883.0,72.9872358476014,83.508478290262,86.7647058823529,79.0322580645161,85.1351351351351,20.4037262290386,,95.0,18.1818181818182,59.0493601462523,84.186284544524,80.8085977482088,100.0,11.0,1619.6205460435,47.5,74.390243902439,53.5714285714286,79.2682926829268,,,,,55.3191489361702,,
62,BA.N,5034000000.0,,2015-12-31,2024-05-10T00:00:00Z,66.5586285653601,58.3333333333333,,,,,,,27934.9,,,78000000.0,,1791140.0,66.9538256653557,83.6641815956381,88.1578947368421,80.0,82.5581395348837,18.6355785837651,,90.0,15.3846153846154,40.4723127035831,61.1825980392157,79.8713235294118,100.0,13.0,1571.05104355245,45.1923076923077,66.9811320754717,38.4615384615385,95.2830188679245,,,,,55.0847457627119,,
63,BA.N,8458000000.0,,2016-12-31,2024-05-10T00:00:00Z,69.802612977443,65.3846153846154,,,,,,,,,,47000000.0,,1919584.75,,80.1482461093445,84.5238095238095,82.8947368421053,70.6521739130435,20.5311965217763,,98.0,15.3846153846154,39.7881996974281,85.5588737201365,81.4633105802048,100.0,13.0,,49.1935483870968,70.6349206349206,35.8695652173913,80.9523809523809,,,,,57.2463768115942,,
64,BA.N,10460000000.0,,2017-12-31,2024-05-10T00:00:00Z,80.3041596053221,33.3333333333333,,,,1.0,1.0,,,,,45000000.0,,2008000.0,,81.7857823518201,83.9622641509434,82.2222222222222,78.3018867924528,21.3605659273443,,97.0,23.0769230769231,41.3013698630137,85.2506868131868,80.2712912087912,100.0,13.0,,50.0,72.4358974358974,99.0384615384615,84.6153846153846,,,,,59.6153846153846,,
65,BA.N,-636000000.0,,2018-12-31,2024-05-10T00:00:00Z,78.936029386889,16.6666666666667,,,2.0,1.0,1.0,,,,,37000000.0,,1976000.0,,78.2638149338274,80.5084745762712,77.1739130434783,76.7241379310345,19.5397866049621,,97.0,23.0769230769231,39.4062863795111,83.55,79.45,100.0,13.0,,44.078947368421,81.875,94.6428571428571,85.0,,,,,58.75,,
66,BA.N,-11873000000.0,,2019-12-31,2024-09-12T00:00:00Z,79.17593642198,2.5,,,5.0,1.0,70.0,,,,,47000000.0,,1484000.0,,77.699348730775,82.1428571428571,74.5098039215686,76.027397260274,17.4962861656724,,98.0,30.7692307692308,36.9089316987741,66.7250716788786,94.0904746734629,100.0,13.0,2829.58805913839,82.5301204819277,74.1758241758242,94.0298507462687,97.2527472527472,,,,,57.1428571428571,,
67,BA.N,-4202000000.0,,2020-12-31,2024-09-12T00:00:00Z,78.9628866496689,8.82352941176471,,,1.0,,4.0,59.0,40841.0,87711.4870881567,1418400.0,42000000.0,,1316000.0,74.9965902891435,84.2498880429915,90.0,71.4285714285714,93.6781609195402,22.4358974358974,16171200.0,93.0,30.7692307692308,77.2393048128342,43.3948004836759,84.1142684401451,89.0,13.0,3989.36170212766,84.375,92.8571428571429,93.2432432432432,98.5714285714286,22.2,,23.2,,59.5238095238095,,
68,BA.N,-4935000000.0,,2021-12-31,2024-10-25T00:00:00Z,82.3670791302524,6.25,,,,,13.0,55.0,63217.0,121403.066582651,2080800.0,59000000.0,,1365000.0,67.4629932890216,84.6379427024588,88.4615384615385,72.1153846153846,96.2365591397849,21.9150370869858,17139600.0,100.0,25.0,77.3853452820242,66.1802947125108,89.9306558798035,83.0,12.0,,79.5,98.5981308411215,94.3037974683544,76.1682242990654,22.8,88.54,23.6,6.4,58.411214953271,3600000.0,23.6
69,BA.N,-2222000000.0,,,,,,,,,,,,,,,,,,,,,,,,,,,,,,,,,,,,,,,,,,,
70,FOX.OQ,1072000000.0,,2018-12-31,,,,,,,,,,,,,,,,,,,,,,,,,,,,,,,,,,,,,,,,,
71,FOX.OQ,1372000000.0,,2019-06-30,2023-07-07T00:00:00Z,25.4893632963365,100.0,,,,,,,,,,,,55969.4,,0.0,0.0,0.0,0.0,,,75.0,14.2857142857143,0.0,24.1956036954444,79.1494106403313,,7.0,,35.8208955223881,18.6274509803922,0.0,46.078431372549,,,,,61.7647058823529,,
72,FOX.OQ,2187000000.0,,2020-06-30,2023-07-07T00:00:00Z,62.7182002809365,63.8888888888889,,,1.0,,,,,,32997.6,,90.625,65845.0,,43.7711670480549,75.2173913043478,0.0,45.6140350877193,5.35194667967163,,100.0,14.2857142857143,37.2660427807487,32.6934703748489,70.6318016928658,92.511,7.0,,78.1976744186047,89.572192513369,81.25,88.2352941176471,47.0,,40.168,,60.1604278074866,,
73,FOX.OQ,1595000000.0,,2021-06-30,2024-02-09T00:00:00Z,74.5574516318897,47.8260869565217,,,1.0,,,,,,29808.0,,,62822.0,,42.0687450039968,62.9496402877698,0.0,56.2962962962963,4.86652722906499,,100.0,12.5,36.8476541908276,85.1054608494655,56.0098237503612,99.0,8.0,,81.7204301075269,83.4975369458128,82.8703703703704,88.423645320197,41.7,,39.852,,58.128078817734,,
74,FOX.OQ,999000000.0,,2022-06-30,2024-09-10T00:00:00Z,74.898823579682,46.0526315789474,,,,,,,,7471.38940864192,6181.2,,,66378.0,3.1970087304995,47.1169772256729,63.9880952380952,0.0,71.7391304347826,4.75010734220696,827316.0,100.0,12.5,36.0028182245185,89.2357222844345,71.2346024636058,100.0,8.0,,70.2631578947368,77.8571428571429,84.7107438016529,86.6666666666667,,,,,57.6190476190476,,
75,FOX.OQ,2150000000.0,,,,,,,,,,,,,,,,,,,,,,,,,,,,,,,,,,,,,,,,,,,
76,FOX.OQ,1205000000.0,,,,,,,,,,,,,,,,,,,,,,,,,,,,,,,,,,,,,,,,,,,
77,FOX.OQ,1239000000.0,,,,,,,,,,,,,,,,,,,,,,,,,,,,,,,,,,,,,,,,,,,
78,FOX.OQ,1501000000.0,,,,,,,,,,,,,,,,,,,,,,,,,,,,,,,,,,,,,,,,,,,
79,WY.N,1826000000.0,,2013-12-31,2024-06-21T00:00:00Z,87.8129581640244,100.0,,,,,,97.68,9634840.0,,,5000000.0,,2670000.0,27416.8734491315,80.085899119607,82.5842696629213,64.3939393939394,81.6666666666667,368.072787427626,126948000.0,75.0,30.0,89.5306859205776,89.611054247697,88.6898669396111,93.0,10.0,716.845878136201,90.1234567901235,98.2014388489209,90.0,98.2014388489209,50.0,,20.0,,72.6618705035971,64480.0,4.7
80,WY.N,506000000.0,,2014-12-31,2023-10-11T00:00:00Z,82.1360324940986,100.0,,,,,,98.04,9897468.16,,,5000000.0,,2800000.0,35670.0239442521,77.5095370011415,77.6041666666667,61.9402985074627,81.3131313131313,510.111131353616,126947984.38,75.0,30.0,90.5850091407678,73.7461617195496,89.8157625383828,93.0,10.0,1002.00400801603,90.7608695652174,83.2191780821918,95.8333333333333,97.6027397260274,57.0,,18.0,,68.7074829931973,35864.0,2.83
81,WY.N,1027000000.0,,2015-12-31,2023-10-11T00:00:00Z,86.3129022711425,100.0,,,,,,96.982,10079758.462,,,12000000.0,,1260000.0,495.004052611513,83.6125170068027,83.6,61.3095238095238,89.2,240.182996568814,33302968.9,75.0,30.0,90.7166123778502,79.8100490196078,83.4252450980392,93.0,10.0,1105.60426991994,94.9197860962567,89.8340248962656,93.9393939393939,98.1327800829876,33.0,,18.0,,68.2608695652174,24120.0,1.935
82,WY.N,582000000.0,,2016-12-31,2024-09-06T00:00:00Z,76.5742646564412,100.0,,,,,,97.96836,5126730.3945,,,10000000.0,,1210000.0,375.270025137471,81.4002271178742,77.4509803921569,61.0,90.2027027027027,190.102120974077,33691230.98,75.0,23.0769230769231,88.8048411497731,40.9769624573379,80.0554607508532,93.0,13.0,675.569520816968,95.1882845188285,86.426116838488,96.6666666666667,98.1099656357388,35.0,,17.0,,68.5251798561151,13784.0,1.323
83,WY.N,748000000.0,,2017-12-31,2024-09-06T00:00:00Z,80.9862739846486,100.0,,,,,,98.44771,5433209.69263,708825.083670953,25473368.64,14000000.0,,1220000.0,324.568923012785,85.8813122150814,84.8901098901099,59.2105263157895,93.4782608695652,169.538632573652,35937453.72,75.0,27.2727272727273,90.3424657534247,61.143543956044,73.231456043956,100.0,11.0,458.588104502501,95.0787401574803,85.5932203389831,94.5454545454545,87.9661016949153,,,17.0,,67.4576271186441,19272.0,2.069
84,WY.N,-76000000.0,,2018-12-31,2024-09-06T00:00:00Z,72.0149275814733,100.0,,,,,,98.1225,5424914.01238,708825.099341676,25219099.18,13200000.0,,1090000.0,306.843025682183,82.6915579408408,83.411214953271,53.3333333333333,89.3564356435644,145.799892990904,35578733.32,75.0,27.2727272727273,90.7450523864959,27.7833333333333,72.2833333333333,100.0,11.0,722.3113964687,93.7943262411348,85.7366771159875,89.1089108910891,84.4827586206897,,,17.0,,64.1065830721003,23424.0,2.501
85,WY.N,797000000.0,,2019-12-31,2024-09-12T00:00:00Z,71.8287123257349,100.0,,,,,,99.13065,5566401.44775,706352.001878596,25388963.84,5000000.0,,1040000.0,326.328448275862,82.2661287950122,81.0104529616725,56.6298342541437,89.8523985239852,158.681721086359,35943784.08,75.0,30.0,91.0245183887916,50.095571838165,64.1127747690347,100.0,10.0,778.150747635032,41.2772585669782,83.8483146067416,91.358024691358,80.7584269662921,,,18.0,,59.4101123595506,24576.0,2.608
86,WY.N,2607000000.0,,2020-12-31,2024-09-12T00:00:00Z,78.5379144870286,100.0,,,,,,99.26783,5539210.05138,730228.544386605,27676333.92,8000000.0,2.04918032786885,900000.0,306.57197291556,81.8313938151215,86.4329268292683,59.8623853211009,83.0097087378641,119.490175252257,37900920.38,99.0,33.3333333333333,91.3435828877005,62.6209189842805,99.8035066505442,100.0,12.0,703.664365374402,40.9356725146199,86.0810810810811,89.7560975609756,96.6216216216216,,,18.0,2.73154,55.2702702702703,31416.0,3.35211
87,WY.N,1880000000.0,,2021-12-31,2024-09-11T00:00:00Z,86.6226861818539,100.0,,,,,,99.14064,5577462.35475,731966.965731062,28146890.68,8000000.0,11.3013698630137,900000.0,249.093226154299,83.9838384446559,85.7734806629834,56.7901234567901,89.1044776119403,88.2266444466229,38453771.82,100.0,44.4444444444444,91.222983658408,99.494365790234,99.7544062409708,100.0,9.0,578.374669150083,40.0544959128065,82.6923076923077,87.5,95.0,19.63,,18.0,2.15976,54.4871794871795,30736.0,3.33579
88,WY.N,839000000.0,,,,,,,,,,,,,,,,,,,,,,,,,,,,,,,,,,,,,,,,,,,
89,MCD.N,4757800000.0,,2013-12-31,2023-07-07T00:00:00Z,76.7002613468633,8.69565217391304,,,1.0,2.0,1.0,36.0,,,,,2.77777777777778,1890983.0,,67.6275513828256,47.4025974025974,23.8095238095238,93.0379746835443,67.2811209114166,10450800.0,75.0,23.0769230769231,69.7653429602888,77.1238485158649,39.5598771750256,70.0,13.0,772.085377699186,96.1111111111111,63.9423076923077,82.1428571428571,97.5961538461538,,,,,65.5339805825243,,
90,MCD.N,4529300000.0,,2014-12-31,2023-07-07T00:00:00Z,69.980639255235,6.81818181818182,,,2.0,4.0,2.0,,,,,,7.89473684210526,1953000.0,,71.8392605068421,48.1707317073171,65.2173913043478,94.7058823529412,71.1700976265702,10738800.0,95.0,23.0769230769231,70.109689213894,42.3234390992835,31.064483111566,74.0,13.0,725.184302492958,93.4343434343434,67.4107142857143,79.5918367346939,95.9821428571429,,,,,63.963963963964,,
91,MCD.N,4686500000.0,,2015-12-31,2023-10-06T00:00:00Z,63.5381306876654,7.89473684210526,,,1.0,1.0,,,,,,,6.52173913043478,2223000.0,,71.6548524417659,51.5,63.0434782608696,91.5841584158416,87.4749144138827,10184400.0,96.0,26.6666666666667,55.8631921824104,34.7732843137255,34.0992647058824,73.0,15.0,783.063786251131,87.7952755905512,65.6666666666667,55.1724137931034,81.0,,,,,63.8513513513513,,
92,MCD.N,5192300000.0,,2016-12-31,2024-01-19T00:00:00Z,68.7852198131765,2.38095238095238,,1.0,2.0,2.0,1.0,,,,,,2.08333333333334,2002292.0,,71.7996842996843,57.6923076923077,22.9166666666667,92.3423423423423,81.3215876922577,13601682.0,95.0,25.0,56.0514372163389,56.8899317406143,38.8011945392491,73.0,12.0,,89.0625,70.7386363636364,73.3333333333333,65.625,,,,,62.2857142857143,,
93,MCD.N,5924300000.0,,2017-12-31,2024-01-19T00:00:00Z,69.757234831707,2.17391304347826,,,,2.0,3.0,,,112669.459832785,973425.6,,2.0,951805.0,,82.8930608910088,76.5873015873016,23.9130434782609,97.787610619469,41.708515188165,8639658.0,97.0,27.2727272727273,52.1917808219178,60.5254120879121,29.3440934065934,73.0,11.0,,88.855421686747,52.4725274725275,69.8795180722892,65.1098901098901,,,,,60.4395604395604,,
94,MCD.N,6025400000.0,,2018-12-31,2024-09-12T00:00:00Z,73.0865141399062,2.63157894736842,3.0,,,4.0,1.0,,,180067.535439818,1233799.2,,4.83870967741935,676876.0,,90.675910367222,93.7086092715232,24.0,98.134328358209,31.8411508192249,6851869.2,98.0,27.2727272727273,51.6880093131548,60.5166666666667,20.4833333333333,100.0,11.0,,94.5652173913044,61.1386138613861,69.4690265486726,65.8415841584158,,,54.0,,60.3960396039604,,
95,MCD.N,4730500000.0,,2019-12-31,2024-09-12T00:00:00Z,70.3635961673945,1.25,,,,5.0,,,,150002.552738725,1200601.584,,6.48148148148148,614974.0,,89.6978624882042,90.4371584699454,43.75,96.0843373493976,28.7849881110633,8003874.348,96.0,25.0,51.5323992994746,41.1755336094298,21.1054475947754,100.0,12.0,,94.3127962085308,69.2139737991266,83.9285714285714,60.6986899563319,68.0,,58.0,,58.7336244541485,,
96,MCD.N,7545200000.0,,2020-12-31,2024-09-12T00:00:00Z,77.6124435202701,1.19047619047619,,,1.0,2.0,,,,117906.197708195,801064.8,,5.55555555555556,571519.0,76.294430387655,92.5085533294488,89.5833333333333,66.2162162162162,99.2537313432836,29.7545268068181,6794085.6,98.0,25.0,51.3368983957219,58.9933494558646,39.8276904474002,100.0,12.0,1041.24366142921,95.625,69.5736434108527,82.2981366459627,78.8759689922481,73.0,,57.0,,56.0077519379845,,
97,MCD.N,6177400000.0,,2021-12-31,2024-10-11T00:00:00Z,70.8283861525854,10.2941176470588,,,,,,,,35277.7777777778,281838.908,,3.37837837837838,635006.0,66.5194174715475,82.2849788883105,80.8823529411765,0.0,96.2389380530973,27.343957903621,7989134.4,98.0,25.0,52.3721665788086,50.6067610517192,41.678705576423,100.0,12.0,,95.136186770428,65.8928571428571,78.6486486486486,59.6428571428571,65.0,,57.0,,55.3571428571429,,
98,MCD.N,8468800000.0,,,,,,,,,,,,,,,,,,,,,,,,,,,,,,,,,,,,,,,,,,,
99,HD.N,6345000000.0,,2014-02-02,2023-05-12T00:00:00Z,78.2828127934715,1.78571428571429,,,,1.0,1.0,,,,,,,2708717.0,,77.5737398573887,84.6666666666667,61.4583333333333,81.3253012048193,34.3693473075166,,75.0,27.2727272727273,39.0310786106033,84.5957011258956,68.935516888434,100.0,11.0,15.8605288534741,90.0,66.2280701754386,58.955223880597,98.6486486486486,,,,,63.8888888888889,,
100,HD.N,7009000000.0,,2015-02-01,2022-08-17T00:00:00Z,70.4057148742601,6.52173913043478,,,,,1.0,,,,,,21.1538461538462,2638386.0,,78.7150226439824,89.3258426966292,55.6818181818182,84.4086021505376,31.7205203424065,,75.0,18.1818181818182,40.4723127035831,57.1384803921569,68.3517156862745,100.0,11.0,535.010099067039,89.3939393939394,60.077519379845,55.3333333333333,97.265625,,,,,62.8099173553719,,
101,HD.N,7957000000.0,,2016-01-31,2024-01-19T00:00:00Z,80.7045477315974,57.6923076923077,,,1.0,,,,,,,,37.5,2394984.0,,89.7377450980392,90.1041666666667,88.2352941176471,90.5,27.0561574351269,,75.0,25.0,69.6671709531014,74.8080204778157,70.627133105802,100.0,12.0,,88.1147540983606,85.0993377483444,52.8409090909091,95.6953642384106,,,,,61.4583333333333,7000000.0,18.182
102,HD.N,8630000000.0,,2017-01-29,2024-01-19T00:00:00Z,83.2631078762758,83.3333333333333,,,,,,44.901,976065.135,31406.7405004581,691704.0,,43.5483870967742,2344283.0,,89.4284522319566,89.7058823529412,88.2978723404255,90.0,24.7823140757968,22024062.0,75.0,23.0769230769231,69.7260273972603,89.0968406593407,69.3166208791209,100.0,13.0,,86.7647058823529,78.4848484848485,51.980198019802,95.4545454545455,,,,,59.3939393939394,6000000.0,14.778
103,HD.N,11121000000.0,,2018-01-28,2023-11-24T00:00:00Z,73.7369758043532,8.33333333333333,,,1.0,,1.0,46.223,990783.682,42229.2979472988,984895.2,,36.7647058823529,2115640.0,,88.6711375843978,87.7118644067797,88.2352941176471,90.1709401709402,20.9668595893126,23322556.8,75.0,23.0769230769231,68.9173457508731,55.1833333333333,69.8833333333333,100.0,13.0,,86.0759493670886,78.8461538461538,46.9827586206897,93.1318681318681,29.0,,38.0,,58.5164835164835,7000000.0,17.5
104,HD.N,11242000000.0,,2019-02-03,2024-09-12T00:00:00Z,71.7213402881979,22.9166666666667,2.0,,1.0,,,47.18976,1046451.08,43130.6168211201,1063594.8,,47.0,2164000.0,,92.0076594491088,92.8082191780822,87.6712328767123,94.5161290322581,19.999445486724,24659856.0,,21.4285714285714,69.9211908931699,49.3628544122332,74.3389614526919,100.0,14.0,,82.6315789473684,71.7391304347826,44.4827586206897,91.304347826087,30.0,,38.0,,56.280193236715,6000000.0,15.0
105,HD.N,12866000000.0,,2020-02-02,2024-09-12T00:00:00Z,71.7527468186494,19.5652173913043,,,1.0,,1.0,47.78414,1103914.331,46506.3631314429,1110801.6,,60.8333333333333,1946000.0,,92.5331765895272,93.1952662721893,88.3838383838384,95.0581395348837,17.6547970061238,23884938.0,75.0,25.0,70.120320855615,55.1541717049577,65.1904474002418,100.0,12.0,,81.25,63.4090909090909,47.2049689440994,90.9090909090909,32.0,,33.0,,54.7727272727273,,
106,HD.N,16433000000.0,,2021-01-31,2024-09-11T00:00:00Z,67.7963050174695,44.1176470588235,1.0,,,,,46.87666,1183337.213,46793.9849135078,1087920.0,,,1821000.0,,86.3318311195446,87.9901960784314,86.2903225806452,84.375,13.7839679055333,23249142.0,75.0,25.0,70.1107011070111,45.4637388038139,73.7792545507079,100.0,12.0,,79.9568965517241,61.1111111111111,42.1875,89.5061728395062,32.0,,38.0,,53.4979423868313,,
107,HD.N,17105000000.0,,2022-01-30,2024-09-10T00:00:00Z,67.9829944007164,100.0,,,,,,44.87,1323537.013,46645.8730971556,1082160.0,,,1649000.0,,86.1517357619142,89.647577092511,86.4963503649635,81.6810344827586,10.9091871365534,23199480.0,75.0,18.1818181818182,69.4222639736966,46.2905935050392,83.1047032474804,100.0,11.0,,77.6209677419355,60.7421875,41.8981481481481,86.9140625,34.0,101.0,38.0,,53.3203125,,
108,HD.N,15143000000.0,,,,,,,,,,,,,,,,,,,,,,,,,,,,,,,,,,,,,,,,,,,
109,SPG.N,1408588000.0,,2014-12-31,2023-10-11T00:00:00Z,57.1247024211747,75.0,,,,,,31.852,401258.697,,,,13.2352941176471,415760.0,2638.92758875409,53.5448232323233,64.0625,0.0,57.0707070707071,85.3573260179296,6846436.0,99.0,10.0,77.8793418647166,56.0388945752303,79.3756397134084,100.0,10.0,,36.4130434782609,43.4931506849315,0.0,88.3561643835616,,,,,68.7074829931973,,
110,SPG.N,1827720000.0,,2015-12-31,2023-10-11T00:00:00Z,60.9602488838635,100.0,,,,,,34.003,375754.105,,,,15.4761904761905,381881.0,2551.87374800683,58.4767346938776,64.4,28.5714285714286,60.4,72.5168117676392,6906209.0,75.0,9.09090909090909,84.8534201954397,44.8223039215686,77.4203431372549,100.0,11.0,,44.1176470588235,76.1410788381743,0.0,91.49377593361,,,51.159,,68.2608695652174,,
111,SPG.N,1838896000.0,,2016-12-31,2024-08-23T00:00:00Z,62.7633964597787,100.0,,,,,,23.475,381313.333,,,,26.0416666666667,324811.0,2415.80676729536,59.8655462184874,65.6862745098039,27.5,62.5,59.7603155267239,6704926.0,75.0,18.1818181818182,84.947049924357,46.0110921501706,87.4786689419795,100.0,11.0,,44.7698744769874,78.1786941580756,0.0,92.6116838487972,,,51.159,,68.5251798561151,,
112,SPG.N,1947962000.0,,2017-12-31,2024-08-23T00:00:00Z,67.8684675932328,100.0,,,,,,26.416,389430.822,702.379213273642,4558.0,,23.1481481481482,313099.0,2280.63772493657,61.246421117294,68.956043956044,27.6315789473684,62.4223602484472,56.6455522153891,6489372.0,85.0,16.6666666666667,98.0821917808219,77.9361263736264,46.4457417582418,100.0,12.0,,43.7007874015748,76.4406779661017,0.0,93.2203389830508,,,49.7,,67.4576271186441,,
113,SPG.N,2440058000.0,,2018-12-31,2024-09-12T00:00:00Z,65.0582654896399,100.0,,,,,,29.65399,456312.11,309.726887028549,3409.0,,34.1269841269841,276153.0,2222.04748455703,59.7791089745379,73.1308411214953,24.0740740740741,56.1881188118812,48.9174334418368,11006471.0,75.0,23.0769230769231,98.4866123399301,57.5166666666667,75.6833333333333,100.0,13.0,1275.39994416582,42.9078014184397,72.8840125391849,0.0,99.2163009404389,,,50.13704,,64.1065830721003,,
114,SPG.N,2101584000.0,,2019-12-31,2024-09-12T00:00:00Z,67.1437017393811,100.0,,,,,,39.40206,478795.776,,2187.0,,35.6382978723404,236785.0,2123.35806869244,68.9138095913601,89.3728222996515,26.5193370165746,60.3321033210332,41.1428712419349,,75.0,23.0769230769231,98.3362521891419,52.0070086014654,72.3319528512265,100.0,13.0,1181.54243066561,41.2772585669782,75.7022471910112,0.0,98.1741573033708,,,51.02445,,59.4101123595506,9172.0,2.02071
115,SPG.N,1112564000.0,,2020-12-31,2024-09-12T00:00:00Z,68.1651761451024,100.0,,,,,,33.01537,346080.999,,699.0,,34.8360655737705,174553.0,1955.87262775521,71.3479571397847,87.0426829268293,27.9816513761468,67.4757281553398,37.8845114154022,,90.0,23.0769230769231,98.5628342245989,56.6958887545345,73.4431680773882,100.0,13.0,166.467607291846,40.9356725146199,68.2432432432432,17.5609756097561,92.8378378378378,44.5122,,47.0,,55.2702702702703,,
116,SPG.N,2249631000.0,,2021-12-31,2024-09-11T00:00:00Z,65.4431920013687,100.0,,,,,,33.43292,371983.84516,,2323.0,,46.9178082191781,196822.0,2186.66527256346,64.0549208608269,76.1049723756906,26.1316872427984,62.2388059701493,38.4659131994864,,75.0,28.5714285714286,98.2340537691091,57.6567466050275,74.7327362034094,100.0,14.0,619.138170610871,40.0544959128065,64.2307692307692,12.9098360655738,95.7692307692308,42.67016,,45.36817,,54.4871794871795,,
117,SPG.N,2139535000.0,,2022-12-31,2024-09-10T00:00:00Z,58.428244346816,100.0,,,,,,28.43534,205118.0,,564824.0106,25800000.0,44.478527607362,196875.0,,60.7609853861769,78.7206266318538,25.3759398496241,52.7700831024931,37.2062478148712,,75.0,28.5714285714286,98.309065288868,42.5111982082867,69.8908174692049,100.0,14.0,548.053936066674,38.4718498659517,44.7103274559194,12.2676579925651,94.8362720403023,22.54,,45.0,,53.904282115869,6300.0,1.875
118,SPG.N,2283126000.0,,2023-12-31,2024-10-04T00:00:00Z,65.3819783199605,100.0,,,,,,30.03998,190363.0,,583783.5582,36800000.0,48.2035928143713,192315.0,,64.4962533572745,76.9946808510638,78.4132841328413,49.2997198879552,33.9848802934877,,100.0,23.0769230769231,98.1009726725336,64.1229082515868,71.0184650894403,100.0,13.0,,89.4594594594595,35.880829015544,12.5448028673835,77.0725388601036,22.99,,41.34708,,53.2383419689119,14250.0,4.59233
119,HBAN.OQ,632392000.0,,2013-12-31,2022-08-17T00:00:00Z,41.323591103336,57.1428571428571,,,,,,,,,,,,88692.0,,16.9801466551278,10.3982300884956,0.0,0.0,32.645711652368,,75.0,18.1818181818182,10.1083032490975,49.2835209825998,92.4769703172978,,11.0,,58.9285714285714,28.6833855799373,0.0,95.0793650793651,,,,,70.3821656050955,,
120,HBAN.OQ,692957000.0,,2014-12-31,2023-05-12T00:00:00Z,44.1242594621466,100.0,,,,,,,,,,,,85915.0,,15.483704179147,0.219298245614035,0.0,0.0,30.5061214634701,,75.0,16.6666666666667,9.04936014625229,57.7789150460594,91.8628454452405,,12.0,1065.21986137939,63.5687732342007,34.6969696969697,0.0,91.2307692307692,,,,,69.1717791411043,,
121,HBAN.OQ,711821000.0,,2015-12-31,2022-08-11T00:00:00Z,46.8426965603005,100.0,,,,,,,,,,,,75989.0,,18.3825135055589,0.602409638554217,0.0,0.0,25.418912468343,,75.0,18.1818181818182,8.79478827361564,74.7242647058823,57.6899509803922,,11.0,,71.1267605633803,40.9198113207547,0.0,85.0235849056604,,,,,68.7943262411348,,
122,HBAN.OQ,1186000000.0,,2016-12-31,2024-01-19T00:00:00Z,57.4800762189401,100.0,,,,,,,,,,,,82078.0,,29.8293576879168,0.561797752808989,0.0,51.498127340824,23.3239150690996,,75.0,25.0,39.7881996974281,77.367747440273,80.0981228668942,100.0,16.0,2131.25762102204,76.7605633802817,59.7690941385435,0.0,97.9573712255773,,,,,68.4163701067616,654772.0,43.0
123,HBAN.OQ,1393000000.0,,2017-12-31,2024-01-19T00:00:00Z,68.0439767759013,100.0,,,,,,,,2666.35662871881,2113.56,,59.6428571428571,92063.0,96.1328711998143,70.1302609421225,49.344262295082,32.3275862068966,62.5838926174497,21.365281967974,792677.16,97.33,26.6666666666667,75.7534246575343,86.3839285714286,81.7822802197802,100.0,15.0,2900.9050823857,78.4297520661157,68.5238784370478,0.0,99.493487698987,36.062,,62.062,,68.0173661360347,644134.0,43.0
124,HBAN.OQ,1411000000.0,,2018-12-31,2023-03-29T00:00:00Z,80.1826520408413,100.0,,,,,,,,2843.2197504767,2626.438,,42.6470588235294,87000.0,88.4041394678492,83.5150597297031,66.0857908847185,74.0530303030303,71.0526315789474,19.290465631929,923754.838,98.0,33.3333333333333,83.4109429569267,97.2166666666667,80.3833333333333,100.0,12.0,2350.33259423503,77.7695716395864,80.9746328437917,24.7104247104247,99.13217623498,36.645,,61.556,,64.7530040053405,826282.0,48.4
125,HBAN.OQ,817000000.0,,2019-12-31,2024-09-20T00:00:00Z,80.9683437513656,100.0,,,,,,,,6884.62510592133,4794.811,,43.287037037037,74413.0,80.7362181272766,83.4723036798369,66.135881104034,73.3542319749216,75.2847380410023,15.9445039640026,696452.011,96.0,40.0,83.8879159369527,95.0780503345014,81.0927046830201,100.0,15.0,1868.4838225841,76.3054830287206,80.8913308913309,39.5833333333333,98.3516483516484,36.419,99.0,59.429,,62.5763125763126,440219.0,28.0
126,HBAN.OQ,1295000000.0,,2020-12-31,2024-09-12T00:00:00Z,78.7478289055391,100.0,,,,,,,,8137.62257064338,4794.811,,13.5627530364372,60201.0,73.978625337487,83.1878854415125,73.1514084507042,70.3804347826087,75.5703422053232,12.5028037383178,589215.211,97.0,38.4615384615385,84.75935828877,81.6051995163241,77.8869407496977,100.0,13.0,2128.85835929387,74.5073891625616,88.4704519119351,39.7820163487739,98.3198146002317,,98.0,59.18,,58.6906141367323,429818.0,28.0
127,HBAN.OQ,2238000000.0,,2021-12-31,2024-09-20T00:00:00Z,74.0747850430437,75.0,,,,,,,,7057.20046694259,4309.2,,13.7417218543046,60166.0,77.2094641962944,83.9219464761641,75.3835425383543,72.9306487695749,77.9389312977099,10.0427307628109,610610.4,75.0,33.3333333333333,85.2134949920928,61.8462872002311,76.8419531927189,100.0,18.0,1706.38507761642,73.6784140969163,88.8598326359833,37.527114967462,98.1694560669456,,99.0,60.43,,56.9560669456067,611949.0,33.0
128,HBAN.OQ,1951000000.0,,,,,,,,,,,,,,,,,,,,,,,,,,,,,,,,,,,,,,,,,,,
129,QRVO.OQ,196303000.0,,2014-12-31,,,,,,,,,,,,,,,,,,,,,,,,,,,,,,,,,,,,,,,,,
130,QRVO.OQ,-28845000.0,,2015-03-28,2023-04-07T00:00:00Z,30.1841727021337,100.0,,,,,,,,,,,,237868.0,,1.8237088280509,1.89873417721519,0.0,4.06976744186047,,,75.0,0.0,0.0,78.2169117647059,95.9252450980392,,10.0,,63.2978723404255,8.5,0.0,55.0,,,,,0.0,,
131,QRVO.OQ,-16558000.0,,2016-04-02,2024-01-19T00:00:00Z,33.2161660755637,100.0,,,,,,,,,,,,279090.0,,1.92158385093168,2.71739130434783,0.0,3.57142857142857,,,75.0,0.0,0.0,75.0213310580205,97.5042662116041,,10.0,,62.7272727272727,24.7826086956522,0.0,76.9565217391304,,,,,58.6363636363636,,
132,QRVO.OQ,-40288000.0,,2017-04-01,2024-01-19T00:00:00Z,34.9898922327775,100.0,,,,,,,,,,,,299885.0,868.738569940915,5.27901785714286,1.5625,0.0,15.7142857142857,98.8879413989568,1330387.2,75.0,9.09090909090909,0.0,66.1572802197802,99.5707417582417,,11.0,,68.5950413223141,39.1472868217054,0.0,79.4573643410853,,,,,58.9147286821705,,
133,QRVO.OQ,133125000.0,,2018-03-31,2023-08-25T00:00:00Z,32.0945481225819,100.0,,,,,,,,,,,,333782.0,815.211586474823,3.66452991452992,0.454545454545454,0.0,11.5384615384615,112.250868999064,1374451.2,75.0,9.09090909090909,0.0,61.7166666666667,90.4833333333333,,11.0,,67.910447761194,30.7971014492754,0.0,76.4492753623188,,,,,56.5217391304348,,
134,QRVO.OQ,334325000.0,,2019-03-30,2024-09-12T00:00:00Z,45.6202979201569,100.0,,,,,,,,,,,,350616.0,713.612322328558,32.1935570130588,39.7810218978102,0.0,65.5797101449275,113.456028087661,1377068.4,75.0,9.09090909090909,36.9089316987741,42.4816820643517,95.0780503345014,85.097,11.0,,65.4605263157895,53.5928143712575,26.8939393939394,78.7425149700599,,,,,58.3832335329341,,
135,QRVO.OQ,733611000.0,,2020-03-28,2024-09-12T00:00:00Z,59.4499521664056,100.0,,,,,,57.27,4673.233,,,,,345286.0,757.916990955318,52.5586220901403,51.2269938650307,34.9137931034483,76.3473053892216,106.598014720569,1487538.0,75.0,11.1111111111111,30.7152406417112,61.7744860943168,80.2146311970979,,9.0,,64.4886363636364,68.6842105263158,52.9220779220779,74.7368421052632,,,,,57.8947368421053,,
136,QRVO.OQ,1033353000.0,,2021-04-03,2024-09-11T00:00:00Z,58.3057092129932,100.0,,,,,,54.192,4543.57,116000.0,164722.32,,,312998.0,613.651708325167,52.4750525797646,43.717277486911,35.3846153846154,82.9842931937173,77.9512002444645,1420020.0,75.0,11.1111111111111,78.8613600421719,51.8202831551575,89.7572955793123,100.0,9.0,,64.5,66.2679425837321,46.9101123595506,70.3349282296651,,,,,55.2631578947369,,
137,QRVO.OQ,103152000.0,,2022-04-02,2024-09-10T00:00:00Z,61.5408609864991,100.0,,,,,,48.0,4590.277,109999.274772893,160169.46,,,281550.0,525.00048431779,56.9340277950974,47.3557692307692,34.2281879194631,95.4106280193237,60.6042994504608,1456095.6,75.0,22.2222222222222,50.8219821512447,78.5974244120941,90.1875699888018,100.0,9.0,,64.0552995391705,77.0742358078603,40.2116402116402,49.1266375545852,,,29.0,,55.6768558951965,100669.0,11.311
138,QRVO.OQ,-70322000.0,,,,,,,,,,,,,,,,,,,,,,,,,,,,,,,,,,,,,,,,,,,
139,LVS.N,2840629000.0,,2013-12-31,2024-08-02T00:00:00Z,54.096273073583,23.9130434782609,,,6.0,,,,74460.771,,,,30.5555555555556,1098449.95,757.931455566126,73.3618077499934,91.5584415584416,66.6666666666667,57.5949367088608,79.7718175150146,7458786.0,75.0,0.0,84.7472924187726,78.7615148413511,16.7349027635619,100.0,10.0,,12.7777777777778,43.75,4.76190476190476,86.0576923076923,,,,,65.5339805825243,,
140,LVS.N,1966236000.0,,2014-12-31,2024-08-02T00:00:00Z,46.359313291337,72.7272727272727,,,1.0,,,,79405.9,,,,55.2631578947368,1082235.0,717.43120722994,71.8893024394865,90.8536585365854,23.9130434782609,61.7647058823529,74.208025343189,7509582.0,75.0,11.1111111111111,85.9232175502742,34.9539406345957,28.8126919140225,100.0,9.0,10.9710774969487,14.6464646464646,44.1964285714286,6.12244897959184,86.1607142857143,,,,,63.963963963964,,
141,LVS.N,1679000000.0,,2015-12-31,2024-08-02T00:00:00Z,49.0780714825325,100.0,,,,,,30.0,73634.4,,,,63.0434782608696,1038152.456,878.949394704196,68.1038886497345,81.5,21.7391304347826,62.8712871287129,88.818069042221,7425740.0,75.0,9.09090909090909,84.8534201954397,30.0551470588235,53.6458333333333,100.0,11.0,,18.8976377952756,70.3333333333333,6.03448275862069,88.3333333333333,,,49.676,,63.8513513513513,1200000.0,25.0
142,LVS.N,2808000000.0,,2016-12-31,2024-08-02T00:00:00Z,53.0062330144151,57.1428571428571,,,2.0,,,31.0,71230.3,,,,64.5833333333333,1053800.0,931.319315056339,66.9756294756295,73.0769230769231,64.5833333333333,61.7117117117117,93.4965841540236,7355180.0,75.0,10.0,84.947049924357,52.4530716723549,49.1680887372014,100.0,10.0,,21.25,67.8977272727273,4.66666666666667,88.3522727272727,,,49.479,,62.2857142857143,1500000.0,30.0
143,LVS.N,2413000000.0,,2017-12-31,2024-08-02T00:00:00Z,51.5797212007304,73.9130434782609,,,1.0,,,39.922,74244.0,991.650611531342,7365.0,,82.0,1073917.44,860.104157762414,82.2507707142823,86.1111111111111,67.3913043478261,80.9734513274336,84.3744060339409,7427011.0,75.0,9.09090909090909,83.8356164383562,27.1462912087912,46.0679945054945,100.0,11.0,,21.3855421686747,67.3076923076923,3.01204819277108,87.0879120879121,,,49.57,,60.4395604395604,1900000.0,38.0
144,LVS.N,2698000000.0,,2018-12-31,2024-08-02T00:00:00Z,59.8200063827032,100.0,,,,,,39.82,79820.0,1064.36824477321,7911.0,,82.258064516129,1002452.706,815.590558671425,81.1077760571682,83.7748344370861,66.0,80.9701492537313,73.0171684754898,7432578.0,75.0,9.09090909090909,83.4109429569267,64.25,45.85,100.0,11.0,,20.1086956521739,60.6435643564356,31.4159292035398,85.8910891089109,43.0,,50.0,,60.3960396039604,,
145,LVS.N,-1685000000.0,,2019-12-31,2024-09-12T00:00:00Z,62.5297879872487,100.0,,,,,,31.865,103123.0,207.372252634628,1472.0,,54.6296296296296,981199.0,903.978507462686,81.3530076590515,76.2295081967213,43.75,91.8674698795181,80.9102828399439,7098346.0,75.0,9.09090909090909,83.8879159369527,77.6839757884677,47.2284166932144,100.0,11.0,,18.0094786729858,70.5240174672489,25.3571428571429,84.7161572052402,43.0,,50.0,,58.7336244541485,1803060.525,38.245
146,LVS.N,-961000000.0,,2020-12-31,2024-09-12T00:00:00Z,56.3395793297314,17.8571428571429,,,,,,17.752,105506.0,178402.445329431,758104.6,,42.0634920634921,655560.0,2365.49498367347,82.7240590507589,78.0092592592593,22.972972972973,96.2686567164179,222.979591836735,4249407.0,75.0,9.09090909090909,84.75935828877,37.6813784764208,41.7926239419589,100.0,11.0,,16.875,90.8914728682171,23.9130434782609,85.6589147286822,44.0,,50.0,,56.0077519379845,2209752.0,47.0
147,LVS.N,1832000000.0,,2021-12-31,2024-09-11T00:00:00Z,68.6178800162776,100.0,,,,,,20.78723,109548.0,190396.390365312,874836.0,,46.6216216216216,736191.0,2025.02448039679,85.1932170224148,85.0840336134454,25.5555555555556,94.4690265486726,173.876003778932,4594814.0,100.0,27.2727272727273,85.2134949920928,82.2161225079457,23.4180872580179,79.0,11.0,1842.22957014643,16.7315175097276,99.1071428571429,54.8648648648649,94.1071428571429,43.0,,50.0,0.14,55.3571428571429,2413206.0,54.0
148,LVS.N,1221000000.0,,,,,,,,,,,,,,,,,,,,,,,,,,,,,,,,,,,,,,,,,,,
149,CTRA.N,104468000.0,,2014-12-31,2022-08-10T00:00:00Z,28.3495999163947,90.2173913043478,,,,,,,,,,,,966827.0,,30.3056129476584,42.1212121212121,0.0,43.75,,,100.0,0.0,22.4862888482633,56.8577277379734,39.6622313203685,100.0,7.0,,0.0,16.9117647058824,0.0,55.3921568627451,,,,,0.0,,
150,CTRA.N,-113891000.0,,2015-12-31,2022-08-11T00:00:00Z,27.3457818813801,100.0,,,,,,,,,,,,870778.0,,28.8597474694239,41.0614525139665,0.0,40.8805031446541,,,75.0,14.2857142857143,32.5732899022801,39.3688725490196,47.0894607843137,100.0,7.0,,0.0,30.787037037037,0.0,53.9351851851852,,,,,60.0467289719626,,
151,CTRA.N,-417124000.0,,2016-12-31,2024-01-19T00:00:00Z,32.0932719214645,42.8571428571429,2.0,,,,,,,,,,,793176.0,,32.6430549146285,41.8781725888325,0.0,50.0,,,100.0,16.6666666666667,7.5642965204236,66.3182593856655,51.9837883959044,,6.0,,0.0,31.8376068376068,0.0,49.3589743589744,,,,,59.0308370044053,,
152,CTRA.N,100393000.0,,2017-12-31,2024-01-19T00:00:00Z,33.1160527128787,100.0,,,,,,,,,,,,869725.0,,30.0049174062197,36.5566037735849,0.0,47.554347826087,,,100.0,25.0,7.26027397260274,82.5034340659341,51.459478021978,,8.0,,0.0,28.0241935483871,0.0,47.9838709677419,,,,,57.8629032258064,,
153,CTRA.N,557043000.0,,2018-12-31,2024-10-25T00:00:00Z,32.8416097699913,56.6666666666667,1.0,,,,,,,,,,,889034.0,,29.0867431337728,35.8108108108108,0.0,45.7920792079208,,,100.0,22.2222222222222,6.86845168800931,79.95,72.45,,9.0,,0.0,25.2988047808765,0.0,45.4183266932271,,,,,56.3745019920319,,
154,CTRA.N,681070000.0,,2019-12-31,2024-09-12T00:00:00Z,29.3463207512087,100.0,,,,,,,,,,,,2869330.0,,30.4626065367737,47.3360655737705,0.0,39.8617511520737,1388.64585919506,,75.0,22.2222222222222,5.47285464098074,65.0366358712966,66.948072634597,,9.0,,0.0,18.75,0.0,38.6363636363636,,,,,55.3030303030303,,
155,CTRA.N,200529000.0,,2020-12-31,2024-10-25T00:00:00Z,28.5702319827114,41.4634146341463,2.0,,,,,,,,,,,1970880.0,3058.7253447373,26.876806050039,35.7421875,0.0,40.1287553648069,1343.8215929918,,75.0,22.2222222222222,37.2660427807487,58.6003627569528,49.8639661426844,100.0,9.0,,0.0,31.0408921933086,0.0,35.8736059479554,,,,,53.7174721189591,,
156,CTRA.N,1158000000.0,,2021-12-31,2024-10-11T00:00:00Z,35.6196592209204,75.4901960784314,,,,,,,,,,,,1611730.0,1304.14612931284,38.3684448852855,65.9926470588235,0.0,44.9596774193548,467.303276311974,,75.0,40.0,60.1476014760148,47.7463160936146,43.3256284310893,100.0,10.0,,0.0,30.5357142857143,30.2439024390244,31.9642857142857,,,,,53.0357142857143,,
157,CTRA.N,4065000000.0,,2022-12-31,2024-10-11T00:00:00Z,37.3401331963829,76.8292682926829,1.0,,,,,,,,,,,1715560.0,613.74433764225,33.0937946076656,50.5514705882353,0.0,44.0239043824701,189.543475859021,,75.0,40.0,59.6993893846876,60.008398656215,53.8213885778276,100.0,10.0,,29.4230769230769,23.5611510791367,31.1059907834101,32.0143884892086,,,,,53.2374100719424,,
158,CTRA.N,1625000000.0,,2023-12-31,2024-10-18T00:00:00Z,38.3960471261428,100.0,,,,,,,,,,,,1606440.0,1197.49746364559,31.983790652373,52.2988505747126,0.0,39.7119341563786,271.633243151843,,75.0,40.0,74.3631310792033,68.33525678015,45.8886324293133,100.0,10.0,,28.5433070866142,28.544776119403,28.5046728971963,30.7835820895522,,,,,53.3582089552239,,
159,ON.OQ,189700000.0,,2014-12-31,2022-08-17T00:00:00Z,55.2810155147184,100.0,,,,,,,,,,,,369294.0,,52.086549803976,40.1315789473684,35.8108108108108,84.7560975609756,,,75.0,11.1111111111111,9.04936014625229,28.8126919140225,16.2231320368475,,9.0,,78.0898876404494,69.3548387096774,76.9230769230769,83.695652173913,,,45.0,,64.2857142857143,,
160,ON.OQ,206200000.0,,2015-12-31,2022-08-11T00:00:00Z,60.7314984336238,100.0,,,,,,,7142.26,,,,,1841817.0,2583.09113793695,56.4423220197923,55.0632911392405,34.7222222222222,85.4651162790698,526.86652554494,7147170.0,75.0,10.0,69.8697068403909,33.0575980392157,38.7561274509804,100.0,10.0,,83.5106382978723,82.5,68.9189189189189,78.5,19.0,,47.05,,60.9375,,
161,ON.OQ,182100000.0,,2016-12-31,2024-01-19T00:00:00Z,59.4449943638258,100.0,,,,,,52.504,24750.865,,,,,1879701.0,2871.34976963833,59.2527027973661,66.8478260869565,32.8947368421053,85.2040816326531,481.123397066728,5044503.323,75.0,10.0,69.6671709531014,26.6851535836177,27.9223549488055,100.0,10.0,,84.0909090909091,75.2173913043478,70.9677419354839,76.9565217391304,,,46.0,,58.6363636363636,,
162,ON.OQ,810700000.0,,2017-12-31,2024-01-19T00:00:00Z,65.1401721654729,100.0,,,,,,52.909,25550.793,,,,,2066211.0,2195.35088326027,62.0570372914123,71.3541666666667,36.5384615384615,85.2380952380953,372.753693781458,5251879.001,75.0,11.1111111111111,69.7260273972603,46.5831043956044,34.4951923076923,100.0,9.0,,84.7107438016529,84.8837209302326,69.6808510638298,79.4573643410853,20.0,,47.0,,58.9147286821705,,
163,ON.OQ,627400000.0,,2018-12-31,2023-07-28T00:00:00Z,72.5231168252227,100.0,,,,,,70.649,20260.0,,,,,2146663.0,2118.1293911505,62.0957437624104,75.9090909090909,35.2272727272727,82.4786324786325,365.184321997857,5555627.125,75.0,20.0,68.9173457508731,77.3833333333333,29.9833333333333,100.0,10.0,280.100028919926,89.9253731343284,82.9710144927536,76.7857142857143,90.2173913043478,20.0,,45.0,,56.5217391304348,435072.0,12.0
164,ON.OQ,211700000.0,,2019-12-31,2023-09-29T00:00:00Z,75.7245820924471,100.0,,,,,,63.323,23729.0,,,,91.8604651162791,2746335.0,2597.90862465793,67.3413055232319,90.1459854014599,37.1428571428571,82.9710144927536,497.713804164628,6287004.774,75.0,20.0,89.0542907180385,84.8837209302326,35.0270786874801,100.0,10.0,384.382101886587,90.1315789473684,76.9461077844311,76.1363636363637,90.1197604790419,20.0,,44.0,,58.3832335329341,695338.25,19.75
165,ON.OQ,234200000.0,,2020-12-31,2024-09-12T00:00:00Z,70.7153791348676,100.0,,,,,,75.613,23266.0,0.0,0.0,,97.2727272727273,2948300.0,2727.30732635585,57.5312943325675,80.6748466257669,34.9137931034483,63.1736526946108,561.04662226451,6319508.4,,18.1818181818182,95.2874331550802,59.2654171704958,62.8929866989117,100.0,11.0,69.1857278782112,73.5795454545455,77.1052631578947,94.8051948051948,82.3684210526316,20.0,,44.0,,57.8947368421053,688920.0,19.75
166,ON.OQ,1009600000.0,,2021-12-31,2024-10-25T00:00:00Z,73.6489086572209,100.0,,,,,,68.15254,27167.0,0.0,0.0,,,3268660.0,2017.71565921837,51.3552154651631,69.8952879581152,35.3846153846154,53.1413612565445,484.978782753197,6414066.0,75.0,20.0,95.0448075909331,82.2450158913609,76.7841664258885,100.0,10.0,14.7887177661058,75.25,85.8851674641148,92.6966292134831,76.3157894736842,21.0,,45.0,0.28,55.2631578947369,117915.0,3.5
167,ON.OQ,1902200000.0,,2022-12-31,2024-10-11T00:00:00Z,69.053266582747,100.0,,,,,,72.05082,25897.0,0.0,0.0,,37.3563218390805,1583040.0,1644.44764718599,52.9087790234718,74.2788461538462,34.2281879194631,55.3140096618357,190.127308976484,6308215.2,75.0,20.0,95.1150775011743,75.5179171332587,38.6198208286674,100.0,10.0,,76.4976958525346,79.6943231441048,88.0952380952381,68.1222707423581,26.0,,46.0,0.39,55.6768558951965,190959.4,5.9
168,ON.OQ,2183700000.0,,2023-12-31,2024-10-18T00:00:00Z,63.7331030678164,10.8695652173913,,,,,,74.20449,30672.0,0.0,0.0,,44.5054945054945,1556080.0,1896.52247667515,53.4757943798054,70.6572769953052,33.5403726708075,61.6666666666667,188.547679631649,7950866.4,75.0,30.0,94.5576655859194,63.2573571840739,45.8309290248125,100.0,10.0,,73.8738738738739,50.6521739130435,87.1212121212121,62.8260869565217,22.0,,44.0,,54.3478260869565,138375.6,4.4
169,AIG.N,7529000000.0,,2013-12-31,2024-09-27T00:00:00Z,46.2082850039984,7.57575757575758,,,4.0,,,,,,,93000000.0,,301706.0,,24.0789730892031,24.7572815533981,0.0,0.0,,,75.0,16.6666666666667,0.0,89.5087001023541,53.582395087001,,12.0,101.35966754029,32.3529411764706,27.1812080536913,0.0,74.6621621621622,,,,,60.8552631578947,,
170,AIG.N,2196000000.0,,2014-12-31,2024-09-27T00:00:00Z,45.8806448242759,12.962962962963,,,3.0,,,,,,,85000000.0,,293234.0,,62.9850802219223,56.0185185185185,58.0357142857143,5.28846153846154,,,75.0,15.3846153846154,39.0310786106033,35.9774820880246,48.5670419651996,100.0,13.0,122.247497021184,35.0393700787402,48.3552631578947,10.0,93.0921052631579,,,,,59.0909090909091,,
171,AIG.N,-849000000.0,,2015-12-31,2024-09-27T00:00:00Z,63.6311814981397,60.0,,,1.0,,,,,,,,,282589.0,,65.4694957444589,80.4545454545455,41.3793103448276,6.54205607476636,,,75.0,21.4285714285714,40.4723127035831,89.6139705882353,59.344362745098,100.0,14.0,118.809192436946,37.7483443708609,52.3391812865497,47.0,88.0116959064327,,,,,57.8488372093023,,
172,AIG.N,-6084000000.0,,2016-12-31,2024-09-27T00:00:00Z,67.6875460408858,53.5714285714286,,,1.0,,,,,,,,,12717.0,,74.5349174152419,90.8088235294118,74.6153846153846,6.25,0.24060619820638,,75.0,20.0,39.7881996974281,88.2465870307167,58.7244027303754,100.0,15.0,113.520263367011,38.031914893617,60.8374384236453,48.4615384615385,89.4088669950739,37.4,,51.6,,58.578431372549,,
173,AIG.N,-6000000.0,,2017-12-31,2024-09-27T00:00:00Z,69.2463375430506,70.8333333333333,,,,,,,,,,,,10046.0,,75.5325685984952,88.4868421052632,70.625,20.8661417322835,0.201941825637727,,75.0,21.4285714285714,62.4657534246575,83.6710164835165,93.9732142857143,100.0,14.0,128.650973928076,37.0558375634518,65.0234741784037,28.6516853932584,88.0281690140845,36.4,,51.4,,58.9201877934272,,
174,AIG.N,3348000000.0,,2018-12-31,2024-09-27T00:00:00Z,63.0646819853708,100.0,,,,,,,,,,,,9813.08,,67.1890608353051,44.1358024691358,67.7777777777778,29.136690647482,,,75.0,27.2727272727273,26.1932479627474,94.7166666666667,89.5833333333333,65.45,11.0,136.439966414778,36.7149758454106,60.5990783410138,0.0,67.9723502304147,37.5,,51.0,,57.8341013824885,,
175,AIG.N,-5944000000.0,,2019-12-31,2024-09-27T00:00:00Z,63.7718311498628,100.0,,,,,,,,,,,15.7657657657658,110902.0,,67.7555013429187,49.7395833333333,58.0188679245283,40.6976744186046,2.22159455128205,,75.0,30.7692307692308,22.5919439579685,93.6126154826378,96.2249123924817,100.0,13.0,130.208333333333,35.7142857142857,46.2655601659751,8.33333333333333,86.9294605809129,,,,,57.2614107883817,,
176,AIG.N,10367000000.0,,2020-12-31,2024-09-27T00:00:00Z,59.1332096786255,19.5121951219512,,,1.0,,,,,,,,15.8119658119658,77262.0,,66.8680926916221,51.6666666666667,55.1282051282051,40.9090909090909,1.76655386866655,,75.0,23.0769230769231,56.3836898395722,61.0489721886336,96.9619105199516,100.0,13.0,503.018108651911,34.1666666666667,60.5882352941176,7.84313725490196,90.3921568627451,,,51.0,,56.4705882352941,524250.0,11.65
177,AIG.N,10227000000.0,,2021-12-31,2024-09-27T00:00:00Z,67.4842869492064,64.1025641025641,1.0,,,,,,,,,,25.0,90337.0,,68.7218739386392,48.5537190082645,57.4468085106383,51.5625,1.72616272404173,,75.0,23.0769230769231,98.4449130205588,61.3262062987576,95.4492921121063,100.0,13.0,477.700921007376,32.9044117647059,70.7191780821918,62.1693121693122,90.9246575342466,39.0,,54.7,,55.3082191780822,236436.0,6.46
178,AIG.N,3643000000.0,,,,,,,,,,,,,,,,,,,,,,,,,,,,,,,,,,,,,,,,,,,
179,AIZ.N,470907000.0,,2013-12-31,2024-02-23T00:00:00Z,49.9159815839716,37.8787878787879,,,1.0,,,,,,,,,21557.7,,26.3724147377072,0.0,0.0,36.2244897959184,,,75.0,18.1818181818182,0.0,91.9651995905834,56.4483111566018,,11.0,258.113088320423,32.3529411764706,41.2751677852349,0.0,78.0405405405405,,,,,60.8552631578947,,
180,AIZ.N,141555000.0,,2014-12-31,2024-02-23T00:00:00Z,49.5087074085479,35.1851851851852,,,1.0,,,,,,,,,25516.7,,30.9665991902834,0.0,0.0,60.0961538461538,,,75.0,18.1818181818182,0.0,88.8945752302968,44.8822927328557,,11.0,,35.0393700787402,38.4868421052632,0.0,84.2105263157895,,,,,59.0909090909091,,
181,AIZ.N,565350000.0,,2015-12-31,2024-02-23T00:00:00Z,53.251028509793,100.0,,,,,,,,,,,,25941.4,,30.9460567306116,0.0,0.0,55.607476635514,,,75.0,20.0,0.0,98.2536764705882,38.0208333333333,,10.0,338.802574899569,37.7483443708609,42.3976608187134,0.0,92.1052631578947,,,,,57.8488372093023,,
182,AIZ.N,519600000.0,,2016-12-31,2024-02-23T00:00:00Z,54.161212557409,100.0,,,,,,,,,,,,20895.7,,28.6440886699507,0.0,0.0,41.25,,,98.0,20.0,0.0,99.5947098976109,47.0349829351536,,10.0,464.274107433028,38.031914893617,41.6256157635468,0.0,94.3349753694581,,,,,58.578431372549,,
183,AIZ.N,251000000.0,,2017-12-31,2024-02-23T00:00:00Z,64.5795626934592,100.0,,,,,,,,,,,,28472.9,,40.2911386678963,44.4078947368421,0.0,63.3858267716535,4.4378653033869,190231.2,75.0,33.3333333333333,47.5342465753425,97.8537087912088,56.8853021978022,100.0,12.0,623.451113639552,90.1015228426396,42.9577464788732,0.0,94.6009389671361,,56.5,,,58.9201877934272,,
184,AIZ.N,382600000.0,,2018-12-31,2024-02-23T00:00:00Z,61.2233573361778,100.0,,,,,,,,0.0,0.0,,45.4022988505747,28372.0,,46.5250963591646,76.8518518518518,0.0,67.9856115107914,3.52088555756869,242431.2,75.0,28.5714285714286,75.2619324796275,90.05,54.8166666666667,100.0,14.0,521.208210270284,91.0628019323672,36.6359447004608,0.0,73.963133640553,,69.0,,,57.8341013824885,,
185,AIZ.N,440800000.0,,2019-12-31,2024-02-23T00:00:00Z,64.0753716753121,100.0,,,,,,,,0.0,0.0,,50.0,23932.0,,45.9728571600888,75.78125,0.0,70.0581395348837,2.37199437032926,218584.8,75.0,25.0,76.138353765324,87.9101624721249,51.5291494106403,100.0,12.0,446.012646936389,88.5281385281385,64.5228215767635,0.0,72.4066390041494,35.0,70.0,60.0,,57.2614107883817,,
186,AIZ.N,1361800000.0,,2020-12-31,2024-09-12T00:00:00Z,62.6790521331101,100.0,,,,,,,,0.0,0.0,,7.26495726495726,17556.0,,43.3814616755793,61.6666666666667,0.0,74.0641711229947,1.73895817031013,159141.6,75.0,25.0,56.3836898395722,87.8929866989117,58.4794437726723,100.0,12.0,465.544736868172,86.875,59.0196078431373,13.7254901960784,66.8627450980392,35.0,,60.0,,56.4705882352941,,
187,AIZ.N,276600000.0,,2021-12-31,2024-10-25T00:00:00Z,68.3726893318742,100.0,,,,,,,,0.0,0.0,,6.14754098360656,16802.0,,42.6524973314357,61.3636363636364,0.0,74.3303571428571,1.64922750741082,185450.4,75.0,25.0,57.6436478650501,85.481074833863,59.6792834440913,100.0,12.0,382.810812933116,86.7647058823529,59.0753424657534,53.7037037037037,89.2123287671233,42.0,,54.0,,55.3082191780822,,
188,AIZ.N,642500000.0,,,,,,,,,,,,,,,,,,,,,,,,,,,,,,,,,,,,,,,,,,,
189,CARR.N,1227000000.0,,2019-12-31,,,,,,,,,,,,,,,,,,,,,,,,,,,,,,,,,,,,,,,,,
190,CARR.N,2734000000.0,,2020-12-31,2023-09-29T00:00:00Z,59.735315611604,100.0,,,,,,89.889,66238.0,1170.75543337669,4910.4,,,382845.0,222.559578368469,48.3161635378949,75.4196642685851,18.6666666666667,88.2422802850356,21.9320004582951,4194215.0,100.0,12.5,91.3435828877005,35.0816203143894,91.4600967351874,100.0,138.0,401.008249312557,60.2449888641425,76.9151138716356,65.0918635170604,97.8260869565217,,,27.0,,56.832298136646,,
191,CARR.N,2116000000.0,,2021-12-31,2023-09-29T00:00:00Z,60.4338705372474,100.0,,,,,,88.422,68043.0,1111.58834212051,5284.8,,,417603.0,164.507834861495,50.4159624274938,84.020618556701,17.9334916864608,89.7565922920893,20.2592053558434,4754278.0,97.0,22.2222222222222,91.222983658408,23.5336607916787,82.6495232591736,100.0,9.0,291.0784456411,86.3636363636363,86.4889705882353,62.0224719101124,97.7022058823529,,,27.0,,55.6066176470588,,
192,CARR.N,1982000000.0,,,,,,,,,,,,,,,,,,,,,,,,,,,,,,,,,,,,,,,,,,,
193,CARR.N,1664000000.0,,,,,,,,,,,,,,,,,,,,,,,,,,,,,,,,,,,,,,,,,,,
194,CARR.N,3534000000.0,,,,,,,,,,,,,,,,,,,,,,,,,,,,,,,,,,,,,,,,,,,
195,CARR.N,1349000000.0,,,,,,,,,,,,,,,,,,,,,,,,,,,,,,,,,,,,,,,,,,,
196,EVRG.OQ,313259000.0,,2013-12-31,2024-10-31T00:00:00Z,21.0221478537669,100.0,,,,,,,,,,262441000.0,,28770700.0,,20.6156778950897,29.5833333333333,8.88888888888889,20.9401709401709,,,75.0,25.0,22.2021660649819,5.37359263050154,96.0593654042989,,12.0,,13.6363636363636,4.50819672131148,0.0,54.9180327868852,,,,,0.0,,
197,EVRG.OQ,291929000.0,,2014-12-31,2024-10-31T00:00:00Z,19.8455853276201,100.0,,,,,,,,,,237959000.0,,30921400.0,,19.0011099579081,28.8617886178862,5.85106382978723,19.5833333333333,,,75.0,23.0769230769231,20.5667276051188,10.0818833162743,55.8341862845445,,13.0,,12.5,12.2047244094488,0.0,53.5433070866142,,,,,0.0,,
198,EVRG.OQ,346577000.0,,2015-12-31,2024-10-31T00:00:00Z,19.7047697124252,100.0,,,,,,,,,,94620000.0,,29516700.0,,12.4370015204572,23.9583333333333,5.17241379310345,5.97014925373134,,,75.0,23.0769230769231,21.742671009772,24.9080882352941,53.7683823529412,,13.0,,16.9291338582677,12.5806451612903,0.0,53.2258064516129,,,,,63.6942675159236,,
199,EVRG.OQ,323900000.0,,2016-12-31,2024-10-31T00:00:00Z,23.102144157525,100.0,,,,,,,263900.48,,,62307000.0,,18142608.0,19813.4122689823,21.5672640692905,42.8082191780822,5.03875968992248,12.4113475177305,7081.18342585556,,,28.5714285714286,18.4568835098336,18.1953924914676,50.1279863481229,,14.0,,20.2205882352941,16.7682926829268,0.0,56.0975609756098,,,,,63.9880952380952,,
200,EVRG.OQ,535800000.0,,2017-12-31,2024-10-31T00:00:00Z,31.5833632158039,100.0,,,,,,,187879.747,,23750020.8,22279000.0,,16672956.0,21913.2065344224,33.6124768218452,36.9565217391304,53.7671232876712,12.0915032679739,6485.008168028,,,28.5714285714286,49.7260273972603,26.4938186813187,86.2465659340659,100.0,14.0,,18.9655172413793,12.8571428571429,0.0,52.2857142857143,,,,,62.5714285714286,,
201,EVRG.OQ,669900000.0,,2018-12-31,2024-10-31T00:00:00Z,43.5149161347795,100.0,,,,,,,499312.64,,41880751.2,,,29742949.0,22327.0048878599,47.5217864923747,69.7222222222222,50.9259259259259,19.7058823529412,6955.950560116,,75.0,28.5714285714286,60.6519208381839,55.3833333333333,88.75,100.0,14.0,1286.27891204191,15.6626506024096,10.8465608465608,0.0,65.8730158730159,,,,,57.9365079365079,,
202,EVRG.OQ,618300000.0,,2019-12-31,2024-10-31T00:00:00Z,45.6936531170805,100.0,,,,,,,466652.832,,47176660.8,,,26499352.0,13187.6807451727,49.4237091810816,67.7664974619289,61.731843575419,18.0628272251309,5147.70426201484,,,26.6666666666667,62.7408056042032,54.4281618349793,88.0057343102899,100.0,15.0,1418.0815105482,15.6424581005587,8.00970873786408,0.0,88.1067961165049,,,24.0,,55.3398058252427,,
203,EVRG.OQ,879700000.0,,2020-12-31,2024-10-31T00:00:00Z,51.3387864169266,100.0,,,,,,,464407.742,,50687445.6,,,27376800.0,6541.68525053934,43.9021887170506,54.6082949308756,58.9805825242718,18.6320754716981,,,100.0,33.3333333333333,78.5762032085561,96.9316807738815,86.7140266021765,100.0,12.0,1322.91285057191,15.0510204081633,13.3771929824561,0.0,85.7456140350877,,,23.0,,54.8245614035088,,
204,EVRG.OQ,752700000.0,,2021-12-31,2024-10-31T00:00:00Z,67.2439217114304,100.0,,,,,,,431486.35,,57708334.8,,90.530303030303,26542700.0,8742.75426101276,63.2692275308959,78.6,94.5414847161572,18.5416666666667,4751.05285767985,,100.0,38.4615384615385,92.3827095413811,94.1779832418376,85.5966483675238,100.0,13.0,1199.27685395672,16.0087719298246,24.3190661478599,90.7407407407407,88.9105058365759,,,23.0,,53.6964980544747,63781.0,12.937
205,EVRG.OQ,731300000.0,,,,,,,,,,,,,,,,,,,,,,,,,,,,,,,,,,,,,,,,,,,
206,SMCI.OQ,92555000.0,,2015-12-31,,,,,,,,,,,,,,,,,,,,,,,,,,,,,,,,,,,,,,,,,
207,SMCI.OQ,72081000.0,,2016-06-30,2024-10-04T00:00:00Z,31.030535517128,100.0,,,,,,,,,,,,47151.7,,24.7629179331307,0.0,39.2857142857143,7.4468085106383,,,75.0,28.5714285714286,0.0,69.6459044368601,61.6467576791809,,7.0,,42.5925925925926,11.4035087719298,2.22222222222222,29.8245614035088,,,,,0.0,,
208,SMCI.OQ,66854000.0,,2017-06-30,2024-10-04T00:00:00Z,28.7657040022772,100.0,,,,,,,,,,,,21644.8,,24.9306551889048,0.0,40.2439024390244,4.90196078431373,,,75.0,37.5,0.0,53.7946428571429,54.7218406593407,,8.0,,45.4545454545455,10.8333333333333,3.26086956521739,35.8333333333333,,,,,0.0,,
209,SMCI.OQ,46165000.0,,2018-06-30,2024-10-04T00:00:00Z,20.2267814910969,100.0,,,,,,,,,,,,49248.2,,25.4843630816171,0.0,41.304347826087,4.3859649122807,,,,37.5,0.0,6.18333333333333,49.3833333333333,,8.0,,45.8333333333333,5.46875,8.65384615384615,35.15625,,,,,0.0,,
210,SMCI.OQ,71918000.0,,2019-06-30,2024-10-04T00:00:00Z,28.9201029323221,55.0,,,,,,,,,,,,46201.7,,26.6287373004354,0.0,41.5094339622642,10.7692307692308,,,16.0,25.0,0.0,59.8757566103855,39.6463841987894,,8.0,,41.6666666666667,6.0,4.3859649122807,38.0,,,,,0.0,,
211,SMCI.OQ,84308000.0,,2020-06-30,2024-10-04T00:00:00Z,41.7803525688285,100.0,,,,,,,,,,,,33028.7,,28.4290322580645,0.0,43.5483870967742,14.375,,,75.0,25.0,0.0,48.4733978234583,46.0247883917775,,8.0,,37.9310344827586,14.8351648351648,66.2337662337662,62.6373626373626,,,,,54.9450549450549,,
212,SMCI.OQ,111865000.0,,2021-06-30,2024-10-04T00:00:00Z,38.9615627109071,68.1818181818182,,,,,,,,,,,,10545.7,,28.8400900900901,0.0,44.5945945945946,13.0208333333333,,,75.0,25.0,0.0,43.0655879803525,29.1678705576423,,8.0,,38.5,16.8269230769231,62.3595505617977,56.7307692307692,,,,,55.7692307692308,,
213,SMCI.OQ,285163000.0,,2022-06-30,2024-10-04T00:00:00Z,42.1573656971287,100.0,,,,,,,,,,,,16735.8,,32.0069353633477,6.60377358490566,46.875,14.3564356435644,,,75.0,25.0,0.0,55.3331466965286,55.9770436730123,,8.0,,37.5,17.7272727272727,58.421052631579,50.9090909090909,,,,,53.6363636363636,,
214,SMCI.OQ,639998000.0,,,,,,,,,,,,,,,,,,,,,,,,,,,,,,,,,,,,,,,,,,,
215,SMCI.OQ,1208149000.0,,,,,,,,,,,,,,,,,,,,,,,,,,,,,,,,,,,,,,,,,,,
216,COST.OQ,2377000000.0,,2014-08-31,2023-05-12T00:00:00Z,66.9079504867334,22.2222222222222,,,1.0,1.0,4.0,,,,,,,1663953.0,,66.6893606994038,74.3243243243243,12.5,71.9512195121951,14.7723100142045,,100.0,14.2857142857143,32.9981718464351,94.9334698055271,24.7185261003071,,14.0,,79.1666666666667,68.1818181818182,58.6206896551724,43.5185185185185,,,,,71.0526315789474,,
217,COST.OQ,2350000000.0,,2015-08-30,2022-08-11T00:00:00Z,69.1280183914172,87.5,,,1.0,1.0,,,,,,,,1663953.0,,81.231684981685,94.0476190476191,12.5,86.6666666666667,14.3198564531536,,100.0,16.6666666666667,35.4234527687296,87.4080882352941,26.1948529411765,,12.0,,81.1111111111111,59.5238095238095,58.0645161290323,42.0634920634921,,,,,69.2307692307692,,
218,COST.OQ,2679000000.0,,2016-08-28,2024-01-19T00:00:00Z,56.709427095275,100.0,,,,,,,,,,,,2250906.0,,75.4990842490843,76.6666666666667,15.0,88.5416666666667,18.9599811319165,,100.0,15.3846153846154,7.5642965204236,53.5622866894198,17.3421501706485,,13.0,,82.0,57.4626865671642,50.0,38.8059701492537,,,,,65.9420289855073,,
219,COST.OQ,3134000000.0,,2017-09-03,2024-01-19T00:00:00Z,61.0188547229578,95.4545454545455,,,,,1.0,,,,,,,2358629.0,,74.4029047875202,75.0,13.4615384615385,89.0909090909091,18.28040302267,,100.0,16.6666666666667,7.26027397260274,83.2932692307692,19.2479395604396,,12.0,,60.5769230769231,52.9850746268657,53.4883720930233,38.0597014925373,,,,,64.1791044776119,,
220,COST.OQ,3659000000.0,,2018-09-02,2024-09-12T00:00:00Z,66.159856908708,100.0,,,,,,71.4,868423.55599,,,,,2508419.0,,83.7220843672457,93.6363636363637,11.2903225806452,92.741935483871,17.7178264677629,,100.0,20.0,39.4062863795111,92.5166666666667,17.6833333333333,100.0,10.0,,60.3174603174603,45.2702702702703,50.0,35.8108108108108,,,,,62.1621621621622,,
221,COST.OQ,4002000000.0,,2019-09-01,2024-09-12T00:00:00Z,65.8467474829114,88.2352941176471,,,,1.0,,72.7,1037702.04501,,,,,2572210.0,,83.7288786482335,94.3548387096774,11.1111111111111,92.1428571428571,16.8445020726508,,100.0,20.0,36.9089316987741,82.112137623447,21.0098757566104,100.0,10.0,,53.7313432835821,60.625,65.7894736842105,40.0,35.9,,45.8,,61.25,,
222,COST.OQ,5007000000.0,,2020-08-30,2024-09-12T00:00:00Z,64.9031944065132,83.3333333333333,,1.0,,,,75.7,1087080.55199,,563076.0,,6.09756097560976,2663030.0,85.0320883366614,83.175099208194,95.2702702702703,15.1162790697674,89.1025641025641,15.969159455748,,96.36,30.0,6.21657754010695,93.9691656590085,26.375453446191,,10.0,,59.6153846153846,36.9318181818182,60.2941176470588,34.6590909090909,,,45.8,,56.25,,
223,COST.OQ,5844000000.0,,2021-08-29,2024-09-11T00:00:00Z,71.9411865791052,100.0,,,,,,78.3,1376699.766,36000.0,862056.0,,7.60869565217391,2647130.0,77.8091296950426,92.2055478257029,88.2716049382716,77.7777777777778,99.4186046511628,13.5106696813642,23946000.0,100.0,30.0,60.1476014760148,99.5810459404796,37.8936723490321,100.0,10.0,,58.2352941176471,39.4736842105263,53.8461538461538,34.2105263157895,36.4,,46.0,,53.1578947368421,,
224,COST.OQ,6292000000.0,,2022-08-28,2024-10-31T00:00:00Z,70.6429983510126,42.0,,,,,2.0,79.9,1433416.60701,49000.0,1275470.0,,11.0,2831620.0,69.0707977843528,89.875731963086,83.1521739130435,77.8688524590164,99.4505494505495,12.4766120006697,26030000.0,100.0,27.2727272727273,36.0028182245185,98.0823068309071,29.8012318029115,100.0,11.0,,63.2978723404255,41.0891089108911,82.9545454545455,28.7128712871287,37.5,,46.5,,52.970297029703,,
225,COST.OQ,7367000000.0,,,,,,,,,,,,,,,,,,,,,,,,,,,,,,,,,,,,,,,,,,,
226,MCO.N,988700000.0,,2013-12-31,2022-11-10T00:00:00Z,47.0531285134016,94.1176470588235,,,1.0,,,,,,,,,50604.3,,17.6978159684927,9.18367346938776,0.0,38.4210526315789,,,84.0,20.0,76.5342960288809,70.8802456499488,91.0440122824975,100.0,10.0,1648.4440706476,20.3703703703704,55.078125,0.0,91.6666666666667,,,,,58.6065573770492,,
227,MCO.N,941300000.0,,2014-12-31,2023-05-12T00:00:00Z,49.5259055240448,100.0,,,,,,,,,,,,49354.2,,17.2637003519356,8.65384615384615,0.0,37.7450980392157,,,90.0,22.2222222222222,77.8793418647166,83.2650972364381,90.3275332650972,100.0,9.0,1853.4624958762,21.1206896551724,53.2608695652174,0.0,90.8759124087591,,,,,57.6923076923077,,
228,MCO.N,266600000.0,,2015-12-31,2022-11-03T00:00:00Z,53.3149113593563,100.0,,,,,,,,,,,,56241.6,,22.0724088019202,11.0619469026549,0.0,48.2608695652174,,,92.0,22.2222222222222,69.8697068403909,90.3492647058823,90.5637254901961,100.0,9.0,1721.91132156694,26.1744966442953,54.6783625730994,0.0,98.5380116959064,,,,,57.9881656804734,13200.0,1.273
229,MCO.N,1000600000.0,,2016-12-31,2024-06-21T00:00:00Z,57.6518209170837,100.0,,,,,,,,,,,73.5294117647059,18771.0,,38.7579402096659,52.734375,0.0,55.5970149253731,5.20809056101215,177861.0,83.0,22.2222222222222,57.8668683812405,92.2994880546075,92.0221843003413,32.0,9.0,1650.68253704012,29.0502793296089,56.8181818181818,0.0,98.2323232323232,32.0,,,,56.3775510204082,,
230,MCO.N,1309600000.0,,2017-12-31,2024-06-21T00:00:00Z,64.438117950339,78.9473684210526,,,1.0,,,,,,,,77.2727272727273,17057.0,,49.2128671114178,63.4057971014493,0.0,73.7037037037037,4.05722984705407,143500.0,84.0,22.2222222222222,69.7260273972603,92.2218406593407,86.143543956044,55.86,9.0,1148.2362455698,30.1075268817204,93.2558139534884,4.41176470588235,96.9767441860465,32.0,,39.0,,58.6046511627907,552716.0,46.06
231,MCO.N,1422000000.0,,2018-12-31,2023-07-28T00:00:00Z,65.8647366230175,86.9565217391304,,,1.0,,,,,,,,50.0,20380.0,,53.5504201680672,80.2941176470588,0.0,70.3125,4.58730051545232,150811.148,75.0,22.2222222222222,68.9173457508731,98.8166666666667,83.3833333333333,100.0,9.0,1524.72595493731,28.2805429864253,86.6803278688525,2.4822695035461,98.9754098360656,32.0,81.58,,,56.7622950819672,246371.0,18.95
232,MCO.N,1778000000.0,,2019-12-31,2024-09-12T00:00:00Z,74.0066899516153,94.8275862068966,,,1.0,,,82.993,3922.0,80721.665705145,11081.664,,29.9019607843137,15779.0,,62.3813981826152,86.6515837104072,0.0,87.9310344827586,3.26755021743632,137282.4,80.0,30.0,99.7810858143608,96.6390570245301,92.1153233513858,100.0,10.0,1156.4091944502,27.6515151515151,90.2826855123675,34.180790960452,99.1166077738516,33.0,81.57,48.0,,55.4770318021201,251109.0,24.0
233,MCO.N,2214000000.0,,2020-12-31,2024-09-12T00:00:00Z,72.7997006316607,100.0,,,,,,78.203,601.0,967302.884806158,87757.2,,42.3076923076923,9686.0,,65.3441640865833,88.2022471910112,0.0,94.3514644351465,1.80338856823683,90723.6,90.0,30.0,99.7660427807487,88.5278113663845,74.6221281741233,85.0,10.0,1285.5334202197,27.7227722772277,99.5356037151703,36.2385321100917,97.9876160990712,33.0,82.54,41.0,,54.953560371517,205400.0,21.0
234,MCO.N,1374000000.0,,2021-12-31,2024-09-11T00:00:00Z,69.4170743752097,71.1111111111111,,,1.0,,,65.268,429.0,737209.052879974,74228.4,,46.3333333333333,7729.0,,65.1630230522817,85.7827476038339,0.0,95.993031358885,1.24300418140881,100688.4,85.0,30.0,99.7891407485503,77.9976885293268,65.7180005778677,90.0,10.0,1034.1588935349,26.401179941003,99.025069637883,35.5513307984791,96.7966573816156,32.0,80.22,41.0,,54.4568245125348,218800.0,18.0
235,MCO.N,1607000000.0,,,,,,,,,,,,,,,,,,,,,,,,,,,,,,,,,,,,,,,,,,,
236,DIS.N,8382000000.0,,2014-09-27,2024-10-31T00:00:00Z,61.6279582492454,2.27272727272727,,,,1.0,,,,,,,,1788686.0,543.6200213058,59.7412587412587,79.5454545454545,0.0,93.0769230769231,36.6436400139307,19327402.8,75.0,0.0,70.109689213894,1.48413510747185,77.5332650972364,100.0,4.0,6467.5393849999,94.1558441558442,79.7169811320755,81.7073170731707,98.5849056603774,44.0,,52.0,,65.6862745098039,4190664.0,25.48
237,DIS.N,9391000000.0,,2015-10-03,2024-10-31T00:00:00Z,63.5084248327945,10.0,,,1.0,,,,,,,,,1771052.0,504.336527208615,60.7577464788733,82.3943661971831,0.0,92.6666666666667,33.756828361765,19806627.6,75.0,20.0,55.8631921824104,11.1213235294118,76.6850490196078,100.0,5.0,6352.80663299342,91.3978494623656,80.9322033898305,86.3636363636363,97.8813559322034,44.0,,52.5,,63.1578947368421,,
238,DIS.N,8980000000.0,,2016-10-01,2024-10-31T00:00:00Z,64.8831963526744,30.0,,,1.0,,1.0,,,,,,,1779096.0,479.028012654587,57.5316455696203,75.0,0.0,91.7721518987342,31.9797238999137,19865602.8,75.0,16.6666666666667,56.0514372163389,35.3029010238908,39.6970989761092,100.0,6.0,8710.81392004602,93.6936936936937,68.3206106870229,80.6122448979592,99.618320610687,43.0,,52.7,,63.6,,
239,DIS.N,12598000000.0,,2017-09-30,2024-10-31T00:00:00Z,63.7229811210258,53.125,,,1.0,1.0,,,239024.0,,,,,1877435.0,474.403451402869,57.3114035087719,76.6666666666667,0.0,88.8157894736842,34.0503654533253,20969344.8,,28.5714285714286,69.7260273972603,16.6037087912088,59.529532967033,100.0,7.0,6322.43321181784,94.7826086956522,75.3676470588235,85.2941176470588,98.8970588235294,43.2,,52.9,,64.3382352941177,,
240,DIS.N,11054000000.0,,2018-09-29,2024-10-31T00:00:00Z,73.0025221368577,94.4444444444444,,,,,,,251205.0,,,,,1926260.0,411.443762829357,57.440531356194,76.2820512820513,0.0,89.7590361445783,32.4100683110677,21295306.8,75.0,36.3636363636364,51.6880093131548,60.15,85.95,100.0,11.0,5599.48850826126,94.3548387096774,75.5172413793103,58.0645161290323,98.9655172413793,43.4,,53.1,,63.7931034482759,,
241,DIS.N,-2864000000.0,,2019-09-28,2024-10-31T00:00:00Z,76.9777761158975,4.34782608695652,,,1.0,,,,252744.0,,,,6.09756097560976,1822740.0,355.118411941328,56.168458781362,73.8888888888889,0.0,88.7096774193548,26.1861738043588,21464172.0,75.0,44.4444444444444,69.9211908931699,61.8509079324626,86.3810130614845,100.0,9.0,4858.70673926473,95.1492537313433,80.718954248366,78.030303030303,99.0196078431373,42.6,,50.9,,61.7647058823529,,
242,DIS.N,1995000000.0,,2020-10-03,2024-10-31T00:00:00Z,77.5798850591859,8.33333333333333,,,1.0,,,,152048.0,70000.0,1118391.372,,,1329850.0,288.878630635591,57.5022883295194,74.3478260869565,0.0,92.5438596491228,20.3377531045452,15977019.6,75.0,40.0,70.120320855615,75.7103990326481,46.6898428053204,100.0,10.0,5094.20688811403,93.0232558139535,79.9465240641711,81.25,99.1978609625668,42.8,,50.9,,60.1604278074866,,
243,DIS.N,3145000000.0,,2021-10-02,2024-10-31T00:00:00Z,64.3494932728218,15.2173913043478,,,,,,,138785.0,53092.6307385638,746947.692,,,1179210.0,376.755482215432,57.7386091127098,75.1798561151079,0.0,92.2222222222222,17.4909519712836,14068764.0,75.0,41.6666666666667,70.1107011070111,32.1438890494077,40.3207165559087,100.0,12.0,6637.69319766235,91.9354838709677,78.5714285714286,67.5925925925926,98.2758620689655,43.3,,50.3,,58.128078817734,,
244,DIS.N,2354000000.0,,,,,,,,,,,,,,,,,,,,,,,,,,,,,,,,,,,,,,,,,,,
245,LULU.OQ,239033000.0,,2014-02-02,2023-10-11T00:00:00Z,27.0237763287963,6.25,,,1.0,,,,,,,,,18081.4,,3.94736842105263,0.0,0.0,10.7142857142857,,,75.0,33.3333333333333,13.7019230769231,37.7133105802048,86.8600682593857,,12.0,,0.0,27.0,27.9411764705882,55.3191489361702,,,,,0.0,,
246,LULU.OQ,266047000.0,,2015-02-01,2023-10-11T00:00:00Z,36.5450820609425,100.0,,,,,,,,,,,,24813.0,,33.0680868838764,2.38095238095238,62.5,25.5555555555556,,,75.0,33.3333333333333,13.4433962264151,17.109634551495,82.2259136212625,,12.0,,45.4545454545455,21.6981132075472,52.3809523809524,49.0566037735849,,,,,0.0,,
247,LULU.OQ,303381000.0,,2016-01-31,2024-01-19T00:00:00Z,36.8827118857585,100.0,,,,,,,,,,,,36429.6,,27.0216437833715,2.17391304347826,52.0,19.7916666666667,,,75.0,45.4545454545455,12.2171945701357,39.6496815286624,83.5987261146497,,11.0,,17.0,31.8965517241379,48.8888888888889,48.2758620689655,,,,,0.0,,
248,LULU.OQ,258662000.0,,2017-01-29,2024-01-19T00:00:00Z,41.8181889080239,100.0,,,,,,,,,,,,40583.2,,28.9382808404827,2.83018867924528,48.0769230769231,28.448275862069,,,75.0,33.3333333333333,7.26027397260274,62.2767857142857,76.9059065934066,,9.0,,21.3114754098361,31.6176470588235,39.622641509434,66.1764705882353,,,,,64.7058823529412,,
249,LULU.OQ,483801000.0,,2018-01-28,2023-10-11T00:00:00Z,36.7552038668133,100.0,,,,,,,,,,,,37009.0,,26.1016412234008,4.47761194029851,41.025641025641,26.6233766233766,,,75.0,40.0,6.86845168800931,49.9166666666667,74.9833333333333,,10.0,,17.7215189873418,25.5952380952381,37.8378378378378,61.9047619047619,,,,,60.1190476190476,,
250,LULU.OQ,645596000.0,,2019-02-03,2023-10-11T00:00:00Z,39.7889540366881,100.0,,,,,,,,,100.8,,42.1875,18248.0,,35.1811151967807,19.1358024691358,55.6603773584906,26.1627906976744,5.54933995150714,,75.0,40.0,5.47285464098074,65.6419241796751,73.1920993947117,,10.0,,15.9090909090909,28.9473684210526,28.75,58.421052631579,,,,,60.0,,
251,LULU.OQ,588913000.0,,2020-02-02,2024-09-12T00:00:00Z,38.0794329291455,100.0,,,,,,,,,2041.2,,38.8888888888889,19589.0,,35.036224163648,17.3684210526316,56.25,26.4423076923077,4.92273005074264,,75.0,50.0,6.21657754010695,60.8675937122128,75.8766626360339,,10.0,,13.8613861386139,22.6851851851852,31.3131313131313,56.9444444444444,,,,,57.4074074074074,,
252,LULU.OQ,975322000.0,,2021-01-31,2024-10-25T00:00:00Z,47.0192789756231,100.0,,,,,,,,338079.40789061,77616.0,,35.3448275862069,20374.0,,63.1366154199877,42.0353982300885,79.7752808988764,61.5702479338843,4.62847797497387,229579.2,75.0,54.5454545454545,70.1107011070111,52.4559375902918,61.9907541173071,100.0,11.0,,13.5593220338983,46.7479674796748,35.0877192982456,53.6585365853659,,100.0,77.0,,54.0650406504065,,
253,LULU.OQ,854800000.0,,2022-01-30,2024-09-10T00:00:00Z,56.8615981359729,38.6363636363636,,,,,,,,817171.925482917,213973.2,,42.5373134328358,22699.0,,65.8436317532427,40.9090909090909,79.5652173913044,69.9324324324324,3.62799722533892,261846.0,75.0,54.5454545454545,84.8990136214185,85.4003359462486,58.496640537514,100.0,11.0,2023.13709319089,11.986301369863,45.9731543624161,41.9014084507042,74.1610738255034,,100.0,77.0,,53.6912751677852,391500.0,13.5
254,LULU.OQ,1550190000.0,,,,,,,,,,,,,,,,,,,,,,,,,,,,,,,,,,,,,,,,,,,
255,PAYX.OQ,674900000.0,,2014-05-31,2024-02-02T00:00:00Z,24.7399380401556,100.0,,,,,,,,,,,,44476.5,,0.0,0.0,0.0,0.0,,,85.0,11.1111111111111,0.0,13.1525076765609,92.6816786079836,,9.0,,21.1206896551724,45.2898550724638,0.0,82.8467153284672,,,,,57.6923076923077,1250000.0,98.43
256,PAYX.OQ,756800000.0,,2015-05-31,2024-02-02T00:00:00Z,28.6594448210306,100.0,,,,,,,,,,,,50500.5,,0.0,0.0,0.0,0.0,,,90.0,11.1111111111111,0.0,25.8884803921569,93.1678921568627,,9.0,,26.1744966442953,50.5847953216374,0.0,83.6257309941521,,,,,57.9881656804734,1250000.0,96.154
257,PAYX.OQ,826300000.0,,2016-05-31,2024-02-02T00:00:00Z,30.9139725736952,100.0,,,,,,,,,,,,58859.5,,0.0,0.0,0.0,0.0,,,100.0,11.1111111111111,0.0,32.6151877133106,87.1373720136519,,9.0,,29.0502793296089,58.3333333333333,0.0,84.8484848484848,,,,,56.3775510204082,1250000.0,92.593
258,PAYX.OQ,994100000.0,,2017-05-31,2024-02-02T00:00:00Z,31.7634169913337,100.0,,,,,,,,,,,,52546.3,,0.0,0.0,0.0,0.0,,,100.0,10.0,0.0,52.8331043956044,91.9127747252747,,10.0,,30.1075268817204,47.2093023255814,0.0,58.3720930232558,,,,,58.6046511627907,1250000.0,91.241
259,PAYX.OQ,1034400000.0,,2018-05-31,2024-02-02T00:00:00Z,34.6655097500407,100.0,,,,,,,,,,,,6512.4,,7.79411764705882,20.2941176470588,0.0,2.1875,1.92805607365959,160615.9,98.0,22.2222222222222,0.0,58.35,94.25,,9.0,,28.2805429864253,45.6967213114754,0.0,58.6065573770492,,,,,56.7622950819672,1250000.0,87.413
260,PAYX.OQ,1098100000.0,,2019-05-31,2024-10-31T00:00:00Z,44.6288570982934,100.0,,,,,,,,,,,34.8039215686275,8106.4,20.0684426772697,37.2524075943375,49.5475113122172,0.0,54.4334975369458,2.14881272365805,177534.49,75.0,22.2222222222222,0.0,21.7107359031539,98.2797069130296,,9.0,,27.6515151515151,65.547703180212,46.6101694915254,82.8621908127209,,,60.0,,55.4770318021201,1200000.0,84.0
261,PAYX.OQ,1097500000.0,,2020-05-31,2024-10-31T00:00:00Z,49.2529547707924,100.0,,,,,,,,,,,46.5811965811966,7755.31,18.7373344883059,52.9781959639512,78.8389513108614,0.0,70.0836820083682,1.91939438188343,168690.26,97.0,22.2222222222222,46.1229946524064,22.1130592503023,78.2043530834341,97.7,9.0,,27.7227722772277,68.8854489164087,45.6422018348624,82.0433436532508,,,60.0,,54.953560371517,,
262,PAYX.OQ,1392800000.0,,2021-05-31,2024-10-31T00:00:00Z,54.0616690590784,100.0,,,,,,,,399.999973975414,61.48032,,57.0,7096.96,14.9296391244331,68.2746148650167,89.6166134185303,38.3928571428571,71.602787456446,1.74939780122264,153700.81,99.0,22.2222222222222,57.6436478650501,18.2172782432823,76.5241259751517,100.0,9.0,,26.401179941003,84.2618384401114,49.8098859315589,79.5264623955432,54.0,100.0,60.0,,54.4568245125348,,
263,PAYX.OQ,1557300000.0,,2022-05-31,2024-10-31T00:00:00Z,58.4189614027081,100.0,,,,,,,,1000.0,154.04608,,74.3506493506493,6571.81,11.4915844482512,66.6005202526942,87.5384615384615,38.8888888888889,69.0635451505017,1.42502916495002,154046.08,98.0,20.0,56.7637388445279,42.8471444568869,83.496640537514,100.0,10.0,,26.3688760806916,77.2727272727273,48.3754512635379,76.5840220385675,,100.0,61.0,,53.9944903581267,,
264,PAYX.OQ,1690400000.0,,,,,,,,,,,,,,,,,,,,,,,,,,,,,,,,,,,,,,,,,,,
265,AMD.OQ,-403000000.0,,2014-12-27,2023-05-12T00:00:00Z,63.7096645484602,58.8235294117647,,,,,,74.915,1176.0,228187.919463087,122400.0,,17.5,52183.0,35.4159099164548,68.3351234739232,83.5526315789474,35.8108108108108,94.5121951219512,9.47747911369415,536400.0,75.0,16.6666666666667,59.7806215722121,21.6479017400205,93.3981576253838,18.707,12.0,43.9616781692699,87.0786516853933,86.5591397849462,50.7692307692308,88.5869565217391,12.0,,29.0,,64.2857142857143,,
266,AMD.OQ,-660000000.0,,2015-12-26,2023-03-16T00:00:00Z,80.1271524061359,42.8571428571429,,,,,,71.096,602.0,269841.26984127,122400.0,,11.3636363636364,45989.0,35.32949135555,66.6649858081023,80.379746835443,34.7222222222222,93.6046511627907,11.5231771485843,453600.0,75.0,22.2222222222222,57.8175895765472,84.5281862745098,93.4129901960784,24.655,9.0,32.7105988474067,89.3617021276596,87.5,89.8648648648649,85.5,13.0,,29.0,,60.9375,,
267,AMD.OQ,-497000000.0,,2016-12-31,2024-01-19T00:00:00Z,71.7274758472636,85.7142857142857,,,1.0,,,70.588,578.0,233870.967741935,104400.0,,10.0,41547.0,37.4531835205993,67.0203750836719,82.0652173913044,32.8947368421053,95.4081632653061,9.72542134831461,446400.0,75.0,22.2222222222222,57.8668683812405,67.6834470989761,60.2175767918089,21.606,9.0,40.1390449438202,89.0909090909091,90.0,63.9784946236559,84.7826086956522,12.0,,24.0,,58.6363636363636,,
268,AMD.OQ,-33000000.0,,2017-12-30,2024-01-19T00:00:00Z,70.761698926001,100.0,,,,,,68.468,666.0,286821.705426357,133200.0,,25.0,62106.0,38.0734818199124,66.5585253866504,76.5625,36.5384615384615,94.7619047619047,11.8229583095374,464400.0,75.0,20.0,58.3561643835616,81.5762362637363,67.7369505494505,25.596,10.0,39.6185037121645,40.0826446280992,95.7364341085271,63.2978723404255,86.4341085271318,12.0,,24.0,,58.9147286821705,,
269,AMD.OQ,337000000.0,,2018-12-29,2024-09-12T00:00:00Z,68.3478064907103,17.8571428571429,,,,,,64.619,643.0,223140.495867769,97200.0,,33.8235294117647,63849.0,29.6525096525097,64.674091340758,74.0909090909091,35.2272727272727,92.7350427350427,9.86084942084942,435600.0,75.0,22.2222222222222,59.720605355064,61.4833333333333,64.4166666666667,20.49421,9.0,41.1196911196911,38.4328358208955,98.1884057971015,76.7857142857143,81.5217391304348,13.0,,24.0,,56.5217391304348,,
270,AMD.OQ,341000000.0,,2019-12-28,2024-09-12T00:00:00Z,67.083570789673,100.0,,,,,,61.693,697.0,330708.661417323,151200.0,,43.0232558139535,53968.0,25.9991086019908,65.7542138298247,73.3576642335766,37.1428571428571,94.5652173913044,8.01782796018422,457200.0,75.0,25.0,62.0402802101576,45.6674100031857,79.6272698311564,26.2071,8.0,66.8872381518348,36.1842105263158,90.1197604790419,76.1363636363637,97.3053892215569,13.0,,24.0,,58.3832335329341,,
271,AMD.OQ,2490000000.0,,2020-12-26,2024-09-12T00:00:00Z,65.7700519246084,100.0,,,,,,82.077,491.0,274193.548387097,122400.0,,13.6363636363636,50132.0,15.466557410632,65.9163646826648,76.3803680981595,34.9137931034483,94.9101796407186,5.13489706032982,446400.0,75.0,25.0,84.75935828877,46.9921402660218,56.8470374848851,100.0,8.0,856.898904025402,34.6590909090909,86.0526315789474,71.4285714285714,98.1578947368421,14.0,,24.0,,57.8947368421053,,
272,AMD.OQ,3162000000.0,,2021-12-25,2024-09-11T00:00:00Z,71.0973957706522,72.2222222222222,,,,,,84.21053,456.0,259259.259259259,100800.0,,11.9718309859155,43536.0,4.56370938298649,71.1923300666756,91.8848167539267,35.3846153846154,96.0732984293194,2.649142022636,388800.0,75.0,25.0,95.0448075909331,64.0999711066166,60.4594047963017,100.0,8.0,112.410064500426,45.75,91.6267942583732,64.6067415730337,94.9760765550239,14.0,,24.0,,55.2631578947369,,
273,AMD.OQ,1320000000.0,,,,,,,,,,,,,,,,,,,,,,,,,,,,,,,,,,,,,,,,,,,
274,AMD.OQ,854000000.0,,,,,,,,,,,,,,,,,,,,,,,,,,,,,,,,,,,,,,,,,,,
275,REG.OQ,132313000.0,,2013-12-31,2022-08-17T00:00:00Z,47.6645330204002,100.0,,,,,,,,,,,,33762.3685,8321.96676121201,44.135771843637,34.2696629213483,28.7878787878788,57.2222222222222,69.0427744388117,287082.0,75.0,9.09090909090909,0.0,73.6438075742068,28.403275332651,,11.0,2155.22477183353,0.0,41.3669064748201,0.0,85.9712230215827,,,,,72.6618705035971,,
276,REG.OQ,114450000.0,,2014-12-31,2022-08-10T00:00:00Z,56.4918924622985,100.0,,,,,,,,,,,,35775.7,7400.62242283853,57.3462772716504,41.6666666666667,28.3582089552239,79.2929292929293,,276048.0,75.0,8.33333333333333,0.0,67.1954964176049,60.849539406346,,12.0,,36.4130434782609,62.6712328767123,0.0,70.8904109589041,,,,,68.7074829931973,,
277,REG.OQ,117601000.0,,2015-12-31,2022-08-11T00:00:00Z,61.1030240629717,100.0,,,,,,,,,,,,36922.2,,57.585306122449,44.4,28.5714285714286,77.2,,,75.0,9.09090909090909,0.0,80.1776960784314,62.0404411764706,100.0,11.0,,44.1176470588235,69.0871369294606,0.0,75.103734439834,,,,,68.2608695652174,,
278,REG.OQ,148645000.0,,2016-12-31,2024-01-19T00:00:00Z,61.4830593430907,100.0,,,,,,,,,,,,38462.1,,50.5930804754334,44.7712418300654,27.5,61.8243243243243,,,75.0,11.1111111111111,0.0,94.9872013651877,54.9274744027304,,9.0,,44.7698744769874,68.5567010309278,0.0,77.8350515463918,,,,,68.5251798561151,,
279,REG.OQ,249127000.0,,2017-12-31,2024-01-19T00:00:00Z,77.3576430046915,100.0,,,,,,19.52,192786.0,61568.4859178463,16581.6,,,32281.0,1753.02194598131,71.7801730796174,78.2967032967033,27.6315789473684,76.7080745341615,32.795029289077,269319.6,75.0,9.09090909090909,59.9315068493151,78.7946428571429,62.6888736263736,100.0,11.0,1669.47434081798,95.0787401574803,92.0338983050847,0.0,99.4915254237288,,,59.594,,67.4576271186441,8134.0,18.361
280,REG.OQ,239430000.0,,2018-12-31,2024-09-12T00:00:00Z,76.4080044645986,100.0,,,,,,35.31311,197632.0,,,,99.2063492063492,30159.0,1572.59350119316,67.0730586632317,72.196261682243,24.0740740740741,73.019801980198,26.9042574544481,309960.0,75.0,27.2727272727273,68.9173457508731,82.9833333333333,55.4166666666667,100.0,11.0,626.046968041214,93.7943262411348,87.3040752351097,37.6237623762376,97.3354231974922,,,59.193,,64.1065830721003,10846.0,24.31839
281,REG.OQ,44889000.0,,2019-12-31,2024-09-12T00:00:00Z,78.3778081346842,100.0,,,,,,46.33446,120828.0,168242.677316372,49896.0,,23.936170212766,29501.0,1479.52235297025,72.0110895437515,76.1324041811847,26.5193370165746,79.520295202952,26.0347812887751,296571.6,75.0,25.0,69.9211908931699,79.5954125517681,53.1538706594457,100.0,12.0,1191.38180874704,94.8598130841121,92.5561797752809,47.5308641975309,98.4550561797753,58.73016,98.3,58.0,,59.4101123595506,10647.0,23.29759
282,REG.OQ,361411000.0,,2020-12-31,2024-09-12T00:00:00Z,79.4129798481362,100.0,,,,,,29.68933,143496.0,,,,14.344262295082,27458.0,1640.7695524885,75.071387786019,83.9939024390244,27.9816513761468,78.4789644012945,27.0209363544665,,75.0,27.2727272727273,84.75935828877,72.6571946795647,58.2376058041112,100.0,11.0,1442.66489531823,94.7368421052632,87.4324324324324,89.7560975609756,98.7837837837838,11.0,98.42,59.0,6.0,55.2702702702703,10528.0,24.0
283,REG.OQ,482865000.0,,2021-12-31,2024-09-11T00:00:00Z,76.5052885996308,100.0,,,,,,28.71462,146462.0,,,,22.2602739726027,25342.0,1439.15414694382,76.0871040647756,88.2596685082873,26.1316872427984,77.1641791044776,21.7311518145023,,75.0,25.0,85.2134949920928,60.4882981797169,56.7610517191563,100.0,12.0,364.015229471085,93.3242506811989,88.3333333333333,87.5,93.7179487179487,10.0,98.52,56.0,,54.4871794871795,15428.0,35.0
284,REG.OQ,364557000.0,,,,,,,,,,,,,,,,,,,,,,,,,,,,,,,,,,,,,,,,,,,
285,DHI.N,750700000.0,,2015-09-30,2023-02-23T00:00:00Z,38.8258104180524,100.0,,,,,,,,,,,,54985.4,,27.1988650126302,7.69230769230769,55.2631578947369,3.33333333333333,,,100.0,20.0,0.0,97.5183823529412,83.1801470588235,,5.0,,16.6666666666667,19.2307692307692,0.0,61.5384615384615,,,,,60.8695652173913,,
286,DHI.N,886300000.0,,2016-09-30,2024-01-19T00:00:00Z,37.2725969630886,100.0,,,,,,,,,,,,64077.2,,29.7573630822619,15.3846153846154,56.578947368421,2.67857142857143,,,100.0,20.0,0.0,93.3660409556314,78.2849829351536,,5.0,,21.875,23.0337078651685,0.0,35.3932584269663,,,,,57.9787234042553,,
287,DHI.N,1038400000.0,,2017-09-30,2024-01-19T00:00:00Z,39.4349323872276,100.0,,,,,,,,,,,,70553.5,,36.0251042218255,26.6666666666667,55.8441558441558,14.7540983606557,,,95.0,20.0,0.0,76.6311813186813,76.407967032967,,5.0,,22.9411764705882,50.0,0.0,39.8989898989899,,,,,57.5757575757576,,
288,DHI.N,1460300000.0,,2018-09-30,2023-11-24T00:00:00Z,38.0673044565054,100.0,,,,,,,,,,,,72233.7,,39.7342202482539,23.8372093023256,59.7701149425287,24.6666666666667,,,95.0,20.0,0.0,70.15,73.4833333333333,,5.0,,20.0,35.9090909090909,0.0,42.7272727272727,,,,,56.8181818181818,,
289,DHI.N,1618500000.0,,2019-09-30,2024-02-16T00:00:00Z,39.1927419262359,100.0,,,,,,,,,,,,75721.0,,41.2180151792625,27.9411764705882,60.8247422680412,24.1935483870968,4.30406584474419,,100.0,20.0,0.0,79.213125199108,66.6932143994903,,5.0,,19.0909090909091,29.9180327868852,0.0,43.4426229508197,,,,,55.7377049180328,,
290,DHI.N,2373700000.0,,2020-09-30,2024-03-01T00:00:00Z,43.1599037865876,100.0,,,,,,,,,,,,92496.0,,40.4541714050749,36.2595419847328,56.8807339449541,19.2622950819672,4.55396310391855,,100.0,33.3333333333333,0.0,94.7551390568319,69.3923821039903,,6.0,,17.8294573643411,27.112676056338,0.0,64.0845070422535,,,,,55.9859154929578,,
291,DHI.N,4175800000.0,,2021-09-30,2024-06-14T00:00:00Z,42.2257334937076,100.0,,,,,,,,,,,,109734.0,,17.9287234810218,23.9583333333333,15.4471544715447,15.7342657342657,3.95093288015496,,100.0,28.5714285714286,0.0,91.606472117885,98.3675238370413,,7.0,,16.5540540540541,25.9615384615385,44.5833333333333,61.2179487179487,,,,,53.8461538461538,,
292,DHI.N,5857500000.0,,2022-09-30,2024-06-14T00:00:00Z,49.1105896591273,100.0,,,,,,,,,,,,123387.0,,35.8482090288204,21.5625,58.955223880597,14.4230769230769,3.68539426523298,,100.0,33.3333333333333,0.0,90.2155655095185,98.7821948488242,,6.0,,17.5,42.8994082840237,40.1515151515151,61.2426035502959,,,,,53.5502958579882,,
293,DHI.N,4745700000.0,,2023-09-30,2024-09-06T00:00:00Z,46.0556310413361,100.0,,,,,,,,,,,,128029.0,,24.3914773087284,31.3664596273292,16.6666666666667,29.3548387096774,,,100.0,28.5714285714286,35.7109773043075,71.9128678592037,99.0623196768609,100.0,7.0,14.3822404710607,16.7682926829268,38.0239520958084,48.5294117647059,85.3293413173653,,,44.0,,53.8922155688623,,
294,DHI.N,4756400000.0,,,,,,,,,,,,,,,,,,,,,,,,,,,,,,,,,,,,,,,,,,,
